,Player,Year,InjuryFactor,PassEfficiency,PassTD,RushEfficiency,RushTD,PPR,NextPPR
16,A.J. McCarron,2015,10.9375,566.9411764705883,6,2.2142857142857144,0,55.3,0.0
17,A.J. McCarron,2016,1.625,0.0,0,0.0,0,0.0,2.6
18,A.J. McCarron,2017,5.0625,33.0,0,0.0,0,2.6,0.1
19,A.J. McCarron,2018,3.5,2.6666666666666665,0,-0.6666666666666666,0,0.1,16.9
20,A.J. McCarron,2019,3.625,127.70270270270271,0,7.8,1,16.9,0.8
21,A.J. McCarron,2020,3.75,20.0,0,0.0,0,0.8,0.8
22,A.J. McCarron,2023,3.8823529411764706,15.2,0,0.0,0,0.8,
39,Aaron Rodgers,2013,16.875,1687.751724137931,17,4.0,0,169.4,354.1
40,Aaron Rodgers,2014,31.0,2872.925,38,6.255813953488372,2,354.1,301.2
41,Aaron Rodgers,2015,32.0,2317.9842657342656,31,5.931034482758621,1,301.2,380.0
42,Aaron Rodgers,2016,33.0,2910.8655737704917,40,5.507462686567164,4,380.0,129.6
43,Aaron Rodgers,2017,14.875,1083.8235294117646,16,5.25,0,129.6,312.6
44,Aaron Rodgers,2018,35.0,2767.879396984925,25,6.255813953488372,2,312.6,278.4
45,Aaron Rodgers,2019,36.0,2482.787346221441,26,3.9782608695652173,1,278.4,383.3
46,Aaron Rodgers,2020,37.0,3040.3574144486693,48,3.9210526315789473,3,383.3,333.3
47,Aaron Rodgers,2021,35.76470588235294,2836.3276836158193,37,3.0606060606060606,3,333.3,239.2
48,Aaron Rodgers,2022,39.0,2386.070110701107,26,2.764705882352941,1,239.2,0.0
49,Aaron Rodgers,2023,2.3529411764705883,0.0,0,0.0,0,0.0,
88,Aidan O'Connell,2023,16.176470588235293,1377.3586005830905,12,0.6470588235294118,1,125.8,
136,Alex Smith,2013,27.1875,2008.6692913385828,23,5.671052631578948,1,254.2,10.2
138,Alex Smith,2014,28.125,2132.1012931034484,18,5.183673469387755,1,220.0,0.0
140,Alex Smith,2015,31.0,2277.0255319148937,20,5.928571428571429,2,271.2,0.0
142,Alex Smith,2016,30.0,2348.9897750511245,15,2.7916666666666665,5,224.8,295.2
143,Alex Smith,2017,30.9375,2729.350495049505,26,5.916666666666667,1,295.2,138.0
144,Alex Smith,2018,21.25,1362.5,10,4.097560975609756,1,138.0,71.6
145,Alex Tanney,2015,1.75,70.71428571428571,1,0.0,0,8.0,0.0
261,Andrew Luck,2013,24.0,2299.9052631578948,23,5.984126984126984,4,292.6,351.7
262,Andrew Luck,2014,25.0,2936.9805194805194,40,4.265625,3,351.7,130.8
263,Andrew Luck,2015,11.375,1040.0068259385666,15,5.9393939393939394,0,130.8,307.7
264,Andrew Luck,2016,25.3125,2691.816513761468,31,5.328125,2,307.7,327.9
268,Andy Dalton,2013,26.0,2659.315699658703,33,3.0,2,288.0,225.6
269,Andy Dalton,2014,27.0,2182.914760914761,19,2.816666666666667,4,225.6,244.2
270,Andy Dalton,2015,22.75,2147.020725388601,25,2.491228070175439,3,244.2,260.6
271,Andy Dalton,2016,29.0,2719.3321492007103,18,4.0,4,260.6,210.7
272,Andy Dalton,2017,30.0,1987.983870967742,25,2.6052631578947367,0,210.7,174.5
273,Andy Dalton,2018,21.3125,1588.8109589041096,21,6.1875,0,174.5,203.7
274,Andy Dalton,2019,26.0,2077.871212121212,16,2.28125,4,203.7,136.9
275,Andy Dalton,2020,22.6875,1407.5675675675675,14,4.071428571428571,0,136.9,84.2
276,Andy Dalton,2021,16.0,956.5042372881356,8,4.75,0,84.2,174.2
277,Andy Dalton,2022,28.823529411764707,1914.0,18,1.8,0,174.2,23.6
278,Andy Dalton,2023,6.352941176470588,211.6206896551724,2,4.0,0,23.6,
312,Anthony Richardson,2023,4.9411764705882355,343.45238095238096,3,5.44,4,72.7,
368,Austin Davis,2014,15.625,1268.2394366197184,12,2.25,0,107.6,19.2
369,Austin Davis,2015,4.875,325.8723404255319,1,4.714285714285714,0,19.2,-0.1
399,Bailey Zappe,2022,5.411764705882353,551.7934782608696,5,0.0,0,39.6,69.2
400,Bailey Zappe,2023,14.117647058823529,762.0,6,4.882352941176471,1,69.2,
401,Baker Mayfield,2018,20.125,2376.028806584362,27,3.358974358974359,0,240.1,229.2
402,Baker Mayfield,2019,24.0,2271.8333333333335,22,5.035714285714286,3,229.2,248.6
403,Baker Mayfield,2020,25.0,2236.0390946502057,26,3.0555555555555554,1,248.6,180.9
404,Baker Mayfield,2021,21.41176470588235,1821.842105263158,17,3.6216216216216215,1,180.9,121.4
405,Baker Mayfield,2022,19.058823529411764,1297.8,10,2.870967741935484,1,121.4,274.1
406,Baker Mayfield,2023,28.0,2600.7349823321556,28,2.629032258064516,1,274.1,
418,Ben Roethlisberger,2013,31.0,2736.0873287671234,28,3.6666666666666665,1,258.8,306.2
419,Ben Roethlisberger,2014,32.0,3323.0526315789475,32,0.8181818181818182,0,306.2,228.1
420,Ben Roethlisberger,2015,24.75,2678.5117270788915,21,1.9333333333333333,0,228.1,252.2
421,Ben Roethlisberger,2016,29.75,2460.9666011787817,29,0.875,1,252.2,260.7
422,Ben Roethlisberger,2017,32.8125,2727.914438502674,28,1.6785714285714286,0,260.7,341.9
423,Ben Roethlisberger,2018,36.0,3434.5303703703703,34,3.161290322580645,3,341.9,12.7
424,Ben Roethlisberger,2019,4.625,198.1451612903226,0,7.0,0,12.7,267.2
425,Ben Roethlisberger,2020,35.625,2495.71875,33,0.44,0,267.2,218.1
460,Blaine Gabbert,2013,4.5,234.90697674418604,1,3.5555555555555554,0,12.4,6.0
461,Blaine Gabbert,2014,1.5625,16.285714285714285,1,5.0,0,6.0,129.7
462,Blaine Gabbert,2015,13.0,1281.9787234042553,10,5.78125,1,129.7,73.7
463,Blaine Gabbert,2016,10.125,526.09375,5,4.325,2,73.7,61.6
464,Blaine Gabbert,2017,8.75,603.3333333333334,6,3.727272727272727,0,61.6,33.0
465,Blaine Gabbert,2018,14.5,378.0792079207921,4,0.0,0,33.0,15.3
466,Blaine Gabbert,2020,7.75,80.4375,2,1.7777777777777777,0,15.3,2.0
467,Blaine Gabbert,2021,11.294117647058824,42.63636363636363,0,-0.7777777777777778,0,2.0,5.2
468,Blaine Gabbert,2022,1.9411764705882353,21.75,1,0.0,0,5.2,5.9
469,Blaine Gabbert,2023,4.0,95.14285714285714,0,6.428571428571429,0,5.9,
479,Blake Bortles,2014,19.25,1714.1894736842105,11,7.482142857142857,0,168.2,316.1
480,Blake Bortles,2015,23.0,2593.960396039604,35,5.961538461538462,2,316.1,271.1
481,Blake Bortles,2016,24.0,2299.264,23,6.189655172413793,3,271.1,249.7
482,Blake Bortles,2017,25.0,2220.65965583174,21,5.649122807017544,2,249.7,173.2
483,Blake Bortles,2018,21.125,1638.893300248139,13,6.293103448275862,1,173.2,-0.8
525,Brandon Allen,2019,5.0625,239.10714285714286,3,3.9,0,32.5,49.7
526,Brandon Allen,2020,8.75,586.2676056338029,5,2.076923076923077,0,49.7,13.9
527,Brandon Allen,2021,10.235294117647058,74.5,2,-0.14285714285714285,0,13.9,0.8
572,Brandon Weeden,2013,15.0,914.123595505618,9,3.6666666666666665,0,89.6,20.0
573,Brandon Weeden,2014,9.6875,177.3658536585366,3,-0.16666666666666666,0,20.0,66.4
574,Brandon Weeden,2015,12.0,722.65,5,2.9375,1,66.4,-0.1
611,Brett Hundley,2016,5.75,3.4,0,-0.6666666666666666,0,-1.5,124.4
612,Brett Hundley,2017,16.5,1115.5443037974683,9,7.5,2,124.4,6.1
613,Brett Rypien,2020,4.5,199.125,2,-1.0,0,11.3,0.0
614,Brett Rypien,2021,1.4705882352941178,0.0,0,0.0,0,0.0,18.0
615,Brett Rypien,2022,6.117647058823529,290.89772727272725,2,1.1666666666666667,0,18.0,4.8
616,Brett Rypien,2023,3.176470588235294,81.47368421052632,0,6.333333333333333,0,4.8,
626,Brian Hoyer,2013,5.25,365.15625,5,2.6666666666666665,0,40.2,156.9
627,Brian Hoyer,2014,25.375,1837.6529680365297,12,1.625,0,156.9,166.6
628,Brian Hoyer,2015,20.625,1581.9620596205962,19,2.933333333333333,0,166.6,79.6
629,Brian Hoyer,2016,11.625,968.15,6,-0.2857142857142857,0,79.6,63.9
630,Brian Hoyer,2017,22.0,750.2417061611375,4,0.4444444444444444,1,63.9,-0.5
631,Brian Hoyer,2018,10.3125,3.5,0,-0.7272727272727273,0,-0.5,21.1
632,Brian Hoyer,2019,8.5,200.30769230769232,4,0.25,0,21.1,2.0
633,Brian Hoyer,2020,2.1875,81.25,0,8.0,0,2.0,12.3
634,Brian Hoyer,2021,10.588235294117647,185.72727272727272,1,-0.7272727272727273,0,12.3,1.5
635,Brian Hoyer,2022,2.176470588235294,30.833333333333332,0,0.0,0,1.5,4.9
636,Brian Hoyer,2023,6.705882352941177,126.5,0,-1.0,0,4.9,
658,Brock Osweiler,2013,5.75,65.3125,0,0.6666666666666666,0,4.0,6.1
659,Brock Osweiler,2014,6.0,20.8,1,0.0,0,6.1,116.8
660,Brock Osweiler,2015,12.5,1215.9636363636364,10,2.9047619047619047,1,116.8,169.0
661,Brock Osweiler,2016,24.375,1745.2098039215687,15,4.366666666666666,2,169.0,67.9
662,Brock Osweiler,2017,10.125,607.2558139534884,5,4.571428571428571,1,67.9,68.0
663,Brock Purdy,2022,12.176470588235293,921.3882352941176,13,0.5909090909090909,1,106.3,295.6
664,Brock Purdy,2023,22.58823529411765,2969.009009009009,31,3.6923076923076925,2,295.6,
682,Bryce Petty,2016,9.375,456.203007518797,3,3.8,0,32.3,25.3
684,Bryce Young,2023,20.705882352941178,1719.6489563567363,11,6.487179487179487,0,156.4,
705,C.J. Beathard,2017,10.5,785.2232142857143,4,5.230769230769231,3,88.8,75.0
706,C.J. Beathard,2018,9.375,755.6449704142012,8,3.6315789473684212,1,75.0,52.3
707,C.J. Beathard,2020,10.125,499.4423076923077,6,4.666666666666667,0,52.3,1.5
708,C.J. Beathard,2021,3.2941176470588234,33.0,0,2.0,0,1.5,-1.0
709,C.J. Beathard,2022,6.823529411764706,22.272727272727273,0,-1.0,0,-1.0,21.5
710,C.J. Beathard,2023,12.352941176470589,263.39622641509436,1,4.375,0,21.5,
732,C.J. Stroud,2023,19.41176470588235,2626.1563126252504,23,4.282051282051282,3,276.0,
756,Cam Newton,2013,24.0,2085.978858350951,24,5.27027027027027,6,297.7,249.0
757,Cam Newton,2014,21.875,1828.736607142857,18,5.233009708737864,5,249.0,389.1
758,Cam Newton,2015,26.0,2294.448484848485,35,4.818181818181818,10,389.1,254.3
759,Cam Newton,2016,25.3125,1857.7058823529412,19,3.988888888888889,5,254.3,299.5
760,Cam Newton,2017,28.0,1953.0121951219512,22,5.424460431654676,6,299.5,282.6
761,Cam Newton,2018,25.375,2306.5817409766455,24,4.8316831683168315,4,282.6,16.7
762,Cam Newton,2019,3.75,321.34831460674155,0,-0.4,0,16.7,261.0
763,Cam Newton,2020,29.0625,1747.266304347826,8,4.321167883211679,12,261.0,86.4
790,Carson Palmer,2013,34.0,2704.874125874126,24,0.1111111111111111,0,217.3,103.5
791,Carson Palmer,2014,13.125,1023.5089285714286,11,3.125,0,103.5,309.2
792,Carson Palmer,2015,36.0,2974.8268156424583,35,0.96,1,309.2,243.1
793,Carson Palmer,2016,34.6875,2580.924623115578,26,2.7142857142857144,0,243.1,102.3
794,Carson Wentz,2016,24.0,2361.4135090609557,16,3.260869565217391,2,214.0,281.7
795,Carson Wentz,2017,20.3125,1985.090909090909,33,4.671875,0,281.7,193.7
796,Carson Wentz,2018,17.875,2138.7680798004985,21,2.735294117647059,0,193.7,275.9
797,Carson Wentz,2019,27.0,2581.7660626029656,27,3.9193548387096775,1,275.9,198.4
798,Carson Wentz,2020,21.0,1504.8512585812357,16,5.3076923076923075,5,198.4,258.0
799,Carson Wentz,2021,29.0,2223.422480620155,27,3.7719298245614037,1,258.0,112.8
800,Carson Wentz,2022,14.117647058823529,1093.695652173913,11,3.909090909090909,1,112.8,26.1
801,Carson Wentz,2023,3.6470588235294117,115.45833333333333,2,3.2941176470588234,1,26.1,
802,Case Keenum,2013,12.5,953.0434782608696,9,5.142857142857143,1,103.6,22.9
803,Case Keenum,2014,3.25,254.2207792207792,2,3.5,0,22.9,43.6
804,Case Keenum,2015,10.125,503.424,4,0.4166666666666667,0,43.6,111.1
805,Case Keenum,2016,17.5,1339.7391304347825,9,2.55,1,111.1,237.9
806,Case Keenum,2017,27.1875,2396.6216216216217,22,4.0,1,237.9,214.9
807,Case Keenum,2018,30.0,2422.952218430034,18,3.576923076923077,2,214.9,103.5
808,Case Keenum,2019,19.375,1105.748987854251,11,1.3333333333333333,1,103.5,1.8
809,Case Keenum,2020,4.0,23.0,0,0.0,0,1.8,28.7
810,Case Keenum,2021,13.588235294117647,301.5833333333333,3,1.8333333333333333,0,28.7,0.3
811,Case Keenum,2022,4.0,2.2857142857142856,0,0.0,0,0.3,9.7
812,Case Keenum,2023,4.117647058823529,186.67924528301887,1,0.5,0,9.7,
836,Chad Henne,2013,26.25,1965.2186878727634,13,2.8518518518518516,0,161.3,30.2
837,Chad Henne,2014,5.4375,264.9230769230769,3,6.25,0,30.2,-0.2
838,Chad Henne,2016,1.9375,0.0,0,-2.0,0,-0.2,-0.5
839,Chad Henne,2017,4.0,0.0,0,-1.0,0,-0.5,1.5
840,Chad Henne,2018,2.0625,19.333333333333332,0,3.0,0,1.5,23.7
841,Chad Henne,2020,6.5625,182.73684210526315,2,-0.2857142857142857,1,23.7,3.3
842,Chad Henne,2021,8.470588235294118,56.375,0,0.0,0,3.3,-0.5
864,Charlie Whitehurst,2013,3.875,0.0,0,-0.8333333333333334,0,-0.5,87.0
865,Charlie Whitehurst,2014,14.0,752.5945945945946,7,4.5,0,87.0,4.1
866,Charlie Whitehurst,2015,8.25,75.0,0,0.5,0,4.1,9.4
881,Chase Daniel,2013,8.4375,163.1578947368421,1,3.7142857142857144,0,17.1,7.8
882,Chase Daniel,2014,5.25,89.71428571428571,0,3.75,0,7.8,0.0
883,Chase Daniel,2015,3.625,4.0,0,-1.0,0,0.0,0.6
884,Chase Daniel,2016,1.875,16.0,0,0.0,0,0.6,-0.2
885,Chase Daniel,2017,1.9375,0.0,0,-0.6666666666666666,0,-0.2,30.7
886,Chase Daniel,2018,10.0,359.14473684210526,3,0.23076923076923078,0,30.7,26.0
887,Chase Daniel,2019,6.1875,305.859375,3,1.0,0,26.0,12.2
888,Chase Daniel,2020,8.5,178.04651162790697,1,8.0,0,12.2,-0.2
889,Chase Daniel,2021,2.0588235294117645,0.0,0,-1.0,0,-0.2,8.5
988,Chris Streveler,2020,7.8125,72.1875,1,3.75,0,7.7,2.0
989,Chris Streveler,2021,3.0588235294117645,24.0,0,2.0,0,2.0,9.0
1013,Christian Ponder,2013,14.0625,1048.1004184100418,7,4.4411764705882355,4,107.0,12.5
1028,Clayton Tune,2023,9.882352941176471,35.42857142857143,0,3.75,1,7.5,
1049,Cody Kessler,2016,12.9375,905.8461538461538,6,1.6363636363636365,0,77.0,2.9
1050,Cody Kessler,2017,4.5,60.26086956521739,0,-1.0,0,2.9,38.7
1080,Colin Kaepernick,2013,26.0,1867.4783653846155,21,5.695652173913044,4,264.3,250.7
1081,Colin Kaepernick,2014,27.0,2036.9058577405858,19,6.144230769230769,1,250.7,110.2
1082,Colin Kaepernick,2015,15.75,953.1147540983607,6,5.688888888888889,1,110.2,200.4
1087,Colt McCoy,2013,6.75,13.0,0,-1.0,0,-0.1,62.9
1088,Colt McCoy,2014,8.75,751.4609375,4,4.125,1,62.9,8.8
1089,Colt McCoy,2015,3.625,81.45454545454545,1,-1.0,0,8.8,0.0
1090,Colt McCoy,2017,1.9375,0.0,0,0.0,0,0.0,27.2
1091,Colt McCoy,2018,6.0,234.22222222222223,3,6.3,0,27.2,4.3
1092,Colt McCoy,2019,2.0625,81.33333333333333,0,7.0,0,4.3,18.2
1093,Colt McCoy,2020,8.5,227.27272727272728,1,1.3333333333333333,0,18.2,41.3
1094,Colt McCoy,2021,16.470588235294116,553.1313131313132,3,1.6818181818181819,0,41.3,32.8
1106,Cooper Rush,2017,3.0,0.6666666666666666,0,6.5,0,1.4,0.0
1107,Cooper Rush,2018,1.5625,0.0,0,0.0,0,0.0,0.0
1108,Cooper Rush,2019,3.25,0.0,0,0.0,0,0.0,24.1
1109,Cooper Rush,2021,8.235294117647058,269.36170212765956,3,-0.8888888888888888,0,24.1,56.6
1110,Cooper Rush,2022,15.352941176470589,609.8395061728395,5,0.6666666666666666,0,56.6,3.3
1111,Cooper Rush,2023,12.352941176470589,108.0,0,-0.4166666666666667,0,3.3,
1218,Dak Prescott,2016,23.0,2484.61220043573,23,4.947368421052632,6,286.9,260.7
1219,Dak Prescott,2017,24.0,2089.3714285714286,22,6.2631578947368425,6,260.7,285.9
1220,Dak Prescott,2018,25.0,2629.391634980989,22,4.066666666666666,6,285.9,337.8
1221,Dak Prescott,2019,26.0,3191.2348993288592,30,5.326923076923077,3,337.8,135.6
1222,Dak Prescott,2020,8.4375,1262.4144144144145,9,5.166666666666667,3,135.6,320.6
1223,Dak Prescott,2021,26.352941176470587,3060.5536912751677,37,3.0416666666666665,1,320.6,198.6
1224,Dak Prescott,2022,20.470588235294116,1894.5685279187817,23,4.044444444444444,1,198.6,342.8
1225,Dak Prescott,2023,30.0,3138.237288135593,36,4.4,2,342.8,
1288,Dan Orlovsky,2013,3.75,0.0,0,0.0,0,0.0,10.0
1300,Daniel Jones,2019,17.875,1872.9150326797385,24,6.2,2,215.0,180.0
1301,Daniel Jones,2020,20.125,1839.375,11,6.507692307692308,1,180.0,167.5
1302,Daniel Jones,2021,15.529411764705882,1560.3767313019391,10,4.806451612903226,2,167.5,289.0
1303,Daniel Jones,2022,23.529411764705884,2152.510593220339,15,5.9,7,289.0,57.0
1304,Daniel Jones,2023,9.176470588235293,613.575,2,5.15,1,57.0,
1417,David Blough,2019,7.5,531.5862068965517,4,3.875,0,55.4,1.8
1418,David Blough,2020,1.5625,29.4,0,18.0,0,1.8,0.6
1419,David Blough,2021,1.5294117647058822,0.0,0,6.0,0,0.6,18.6
1420,David Fales,2016,1.625,8.8,0,0.0,0,0.9,19.4
1421,David Fales,2017,3.375,178.72093023255815,1,2.0,1,19.4,0.0
1463,Davis Mills,2021,17.58823529411765,1778.253807106599,16,2.4444444444444446,0,157.0,181.5
1464,Davis Mills,2022,21.176470588235293,1900.7432150313152,17,3.375,2,181.5,17.8
1465,Davis Mills,2023,8.823529411764707,79.84615384615384,2,4.5,0,17.8,
1466,Davis Webb,2021,1.5294117647058822,0.0,0,-1.5,0,-0.3,20.8
1521,DeShone Kizer,2017,19.6875,1550.357142857143,11,5.441558441558442,5,175.7,5.4
1609,Derek Anderson,2013,7.5,0.0,0,0.0,0,0.0,50.4
1610,Derek Anderson,2014,11.625,469.74226804123714,5,3.0,0,50.4,1.2
1611,Derek Anderson,2015,6.0,24.0,0,-0.2857142857142857,0,1.2,16.5
1612,Derek Anderson,2016,10.3125,307.6981132075472,2,4.0,0,16.5,0.5
1613,Derek Anderson,2017,6.375,4.25,0,-1.0,0,0.5,6.5
1614,Derek Carr,2014,23.0,1899.7662771285475,21,3.1724137931034484,0,192.0,271.3
1615,Derek Carr,2015,24.0,2435.3403141361255,32,4.181818181818182,0,271.3,268.5
1616,Derek Carr,2016,23.4375,2509.8375,28,1.794871794871795,0,268.5,206.4
1617,Derek Carr,2017,24.375,2192.6368932038836,22,2.869565217391304,0,206.4,216.8
1618,Derek Carr,2018,27.0,2789.6365280289333,19,1.9583333333333333,1,216.8,244.4
1619,Derek Carr,2019,28.0,2852.814814814815,21,3.037037037037037,2,244.4,272.1
1620,Derek Carr,2020,29.0,2761.7872340425533,27,3.58974358974359,3,272.1,257.0
1621,Derek Carr,2021,30.0,3284.5239616613417,23,2.7,0,257.0,219.1
1622,Derek Carr,2022,27.352941176470587,2139.860557768924,24,4.25,0,219.1,241.1
1623,Derek Carr,2023,32.0,2653.7408759124087,25,1.25,0,241.1,
1654,Deshaun Watson,2017,9.625,1049.3823529411766,19,7.472222222222222,2,168.9,331.7
1655,Deshaun Watson,2018,23.0,2845.3960396039606,26,5.565656565656566,5,331.7,321.0
1656,Deshaun Watson,2019,22.5,2591.3454545454547,26,5.036585365853658,7,321.0,369.3
1657,Deshaun Watson,2020,25.0,3386.738970588235,33,4.933333333333334,3,369.3,85.6
1658,Deshaun Watson,2022,9.529411764705882,641.7529411764706,7,4.861111111111111,1,85.6,86.8
1659,Deshaun Watson,2023,9.882352941176471,684.6491228070175,7,5.461538461538462,1,86.8,
1660,Desmond Ridder,2022,5.411764705882353,449.4260869565217,2,4.0,0,38.7,177.1
1661,Desmond Ridder,2023,21.176470588235293,1820.0103092783504,12,3.641509433962264,5,177.1,
1768,Dorian Thompson-Robinson,2023,11.294117647058824,235.71428571428572,1,4.642857142857143,0,22.1,
1781,Drew Brees,2013,34.0,3541.9261538461537,39,1.4857142857142858,3,357.7,304.0
1782,Drew Brees,2014,35.0,3426.5735963581183,33,2.5185185185185186,1,304.0,304.2
1783,Drew Brees,2015,33.75,3324.3381180223287,32,0.5833333333333334,1,304.2,332.3
1784,Drew Brees,2016,37.0,3644.8261515601785,37,0.8695652173913043,2,332.3,262.6
1785,Drew Brees,2017,38.0,3121.126865671642,23,0.36363636363636365,2,262.6,305.0
1786,Drew Brees,2018,36.5625,2971.5501022494886,32,0.7096774193548387,4,305.0,224.8
1787,Drew Brees,2019,27.5,2214.5476190476193,27,-0.4444444444444444,1,224.8,209.5
1789,Drew Lock,2019,7.1875,653.8461538461538,7,4.0,0,68.0,181.3
1790,Drew Lock,2020,19.5,1681.6749435665913,16,3.6363636363636362,3,181.3,51.9
1791,Drew Lock,2021,8.823529411764707,475.036036036036,2,5.3,2,51.9,29.1
1792,Drew Lock,2023,6.352941176470588,342.94736842105266,3,2.8,0,29.1,
1798,Drew Stanton,2014,16.875,941.05,7,2.52,0,94.7,-1.1
1799,Drew Stanton,2015,13.5625,45.76,0,-1.0,0,-1.1,9.4
1800,Drew Stanton,2016,10.0,76.0,2,-1.0,0,9.4,50.5
1832,Dwayne Haskins,2019,12.375,800.1724137931035,7,5.05,0,76.7,68.2
1845,EJ Manuel,2013,14.375,1160.0,11,3.509433962264151,2,133.5,58.7
1846,EJ Manuel,2014,7.5,486.1679389312977,5,3.25,1,58.7,38.8
1847,EJ Manuel,2015,10.9375,347.2857142857143,3,3.764705882352941,1,38.8,7.4
1848,EJ Manuel,2016,9.75,55.42307692307692,0,2.75,0,7.4,14.1
1851,Easton Stick,2020,1.5625,4.0,0,-2.0,0,0.0,67.6
1852,Easton Stick,2023,8.235294117647058,720.2241379310345,3,5.333333333333333,1,67.6,
1867,Eli Manning,2013,32.0,2196.562613430127,18,2.0,0,170.3,269.5
1868,Eli Manning,2014,33.0,2781.014975041597,30,2.5833333333333335,1,269.5,287.4
1869,Eli Manning,2015,34.0,2775.378640776699,35,3.05,0,287.4,224.2
1870,Eli Manning,2016,35.0,2538.7608695652175,26,-0.42857142857142855,0,224.2,187.3
1871,Eli Manning,2017,33.75,2137.891418563923,19,2.1666666666666665,1,187.3,240.0
1872,Eli Manning,2018,37.0,2836.1458333333335,21,1.3333333333333333,1,240.0,54.4
1999,Gardner Minshew II,2019,20.125,1983.4787234042553,21,5.134328358208955,0,229.2,160.7
2000,Gardner Minshew II,2020,13.5,1492.1834862385322,16,5.275862068965517,1,160.7,33.7
2001,Gardner Minshew II,2021,5.882352941176471,299.98333333333335,4,2.3333333333333335,0,33.7,36.8
2002,Gardner Minshew II,2022,7.647058823529412,383.8421052631579,3,0.42857142857142855,1,36.8,196.2
2003,Gardner Minshew II,2023,27.0,2057.1938775510203,15,2.9411764705882355,3,196.2,
2011,Garrett Gilbert,2018,1.6875,26.666666666666668,0,0.0,0,1.6,-0.3
2012,Garrett Gilbert,2019,8.75,0.0,0,-1.0,0,-0.3,14.5
2013,Garrett Gilbert,2020,1.8125,134.28947368421052,1,9.333333333333334,0,14.5,7.8
2034,Geno Smith,2013,23.0,1698.334085778781,12,5.083333333333333,6,194.7,150.8
2035,Geno Smith,2014,21.0,1506.7438692098092,13,4.033898305084746,1,150.8,20.0
2036,Geno Smith,2015,1.5625,170.35714285714286,2,17.0,0,20.0,7.9
2037,Geno Smith,2016,3.25,72.0,1,4.5,0,7.9,9.7
2038,Geno Smith,2017,3.375,123.66666666666667,1,3.0,0,9.7,-1.5
2039,Geno Smith,2018,8.75,2.0,0,0.25,0,-1.5,1.1
2040,Geno Smith,2020,1.875,26.4,0,-1.0,0,1.1,54.3
2041,Geno Smith,2021,7.294117647058823,480.3157894736842,5,4.666666666666667,1,54.3,303.9
2042,Geno Smith,2022,32.0,2986.9195804195806,30,5.382352941176471,1,303.9,227.3
2043,Geno Smith,2023,29.11764705882353,2345.7955911823647,20,4.1891891891891895,1,227.3,
2270,Jacob Eason,2021,1.411764705882353,10.0,0,0.0,0,-1.0,0.4
2282,Jacoby Brissett,2016,4.5,247.27272727272728,0,5.1875,1,28.3,205.9
2283,Jacoby Brissett,2017,25.0,1823.1300639658848,13,4.126984126984127,4,205.9,-0.6
2284,Jacoby Brissett,2018,6.5,1.0,0,-1.0,0,-0.6,217.7
2285,Jacoby Brissett,2019,25.3125,1790.2102908277404,18,4.071428571428571,4,217.7,20.6
2286,Jacoby Brissett,2020,19.25,4.25,0,1.1176470588235294,3,20.6,72.3
2287,Jacoby Brissett,2021,18.764705882352942,804.0133333333333,5,3.6842105263157894,1,72.3,168.6
2288,Jacoby Brissett,2022,28.235294117647058,1667.989159891599,12,4.959183673469388,2,168.6,22.9
2289,Jacoby Brissett,2023,5.470588235294118,175.30434782608697,3,6.333333333333333,0,22.9,
2308,Jake Browning,2023,14.294117647058824,1362.3703703703704,12,4.703703703703703,3,144.4,
2319,Jake Locker,2013,10.9375,761.8360655737705,8,6.458333333333333,2,99.7,63.9
2345,Jalen Hurts,2020,20.625,552.0067567567568,6,5.619047619047619,3,109.1,312.2
2346,Jalen Hurts,2021,20.294117647058822,1928.611111111111,16,5.640287769784172,10,312.2,378.0
2347,Jalen Hurts,2022,21.176470588235293,2461.9695652173914,22,4.606060606060606,13,378.0,356.8
2348,Jalen Hurts,2023,25.0,2524.193308550186,23,3.8535031847133756,15,356.8,
2383,Jameis Winston,2015,21.0,2357.203738317757,22,3.9444444444444446,6,275.0,256.1
2384,Jameis Winston,2016,22.0,2488.6243386243386,28,3.1132075471698113,1,256.1,201.7
2385,Jameis Winston,2017,18.6875,2235.58371040724,19,4.090909090909091,1,201.7,195.8
2386,Jameis Winston,2018,16.5,1931.3439153439153,19,5.73469387755102,1,195.8,305.4
2387,Jameis Winston,2019,25.0,3101.3099041533546,33,4.237288135593221,1,305.4,2.4
2388,Jameis Winston,2020,6.5,47.72727272727273,0,-0.75,0,2.4,117.4
2389,Jameis Winston,2021,11.117647058823529,690.3726708074535,14,5.1875,1,117.4,43.9
2390,Jameis Winston,2022,4.9411764705882355,544.6434782608695,4,3.2,0,43.9,12.0
2391,Jameis Winston,2023,11.941176470588236,140.4255319148936,2,-1.2,0,12.0,
2475,Jared Goff,2016,9.625,594.9658536585366,5,2.0,1,53.2,255.3
2476,Jared Goff,2017,21.5625,2360.553459119497,28,1.8214285714285714,1,255.3,310.3
2477,Jared Goff,2018,24.0,3041.7682709447417,32,2.511627906976744,2,310.3,247.5
2478,Jared Goff,2019,25.0,2919.1246006389774,22,1.2121212121212122,2,247.5,240.0
2479,Jared Goff,2020,24.375,2648.985507246377,20,1.9411764705882353,4,240.0,194.5
2480,Jared Goff,2021,22.235294117647058,2180.8502024291497,19,5.117647058823529,0,194.5,284.3
2481,Jared Goff,2022,28.0,2888.1022146507667,29,2.5172413793103448,0,284.3,289.1
2482,Jared Goff,2023,29.0,3077.7272727272725,30,0.65625,2,289.1,
2484,Jaren Hall,2023,4.411764705882353,109.2,0,2.3333333333333335,0,2.1,
2499,Jarrett Stidham,2019,4.3125,7.0,0,-1.0,0,-1.6,12.9
2500,Jarrett Stidham,2020,7.5,128.0,2,1.0,0,12.9,42.6
2501,Jarrett Stidham,2022,7.647058823529412,418.89156626506025,4,6.0,0,42.6,26.6
2502,Jarrett Stidham,2023,4.764705882352941,300.6060606060606,2,0.8888888888888888,0,26.6,
2517,Jason Campbell,2013,18.0,1144.1640378548896,11,7.642857142857143,0,115.3,1.1
2548,Jay Cutler,2013,20.625,1653.8140845070423,19,5.130434782608695,0,168.6,255.6
2549,Jay Cutler,2014,29.0625,2514.1532976827093,28,4.897435897435898,2,255.6,226.5
2550,Jay Cutler,2015,30.0,2356.0020703933747,21,5.2894736842105265,1,226.5,46.8
2551,Jay Cutler,2016,10.3125,626.1240875912408,4,4.8,0,46.8,157.8
2573,Jeff Driskel,2018,14.0625,598.3806818181819,6,5.2,2,85.1,58.1
2574,Jeff Driskel,2019,4.875,404.4761904761905,4,6.863636363636363,1,58.1,30.1
2575,Jeff Driskel,2020,5.0625,236.25,3,4.666666666666667,0,30.1,0.0
2576,Jeff Driskel,2021,1.6470588235294117,0.0,0,0.0,0,0.0,17.2
2577,Jeff Driskel,2022,11.941176470588236,75.6,1,3.75,0,17.2,13.9
2578,Jeff Driskel,2023,1.7647058823529411,83.0,2,4.714285714285714,0,13.9,
2677,Jimmy Clausen,2014,6.75,120.79166666666667,2,3.0,0,15.8,33.2
2678,Jimmy Garoppolo,2014,8.625,128.07407407407408,1,0.9,0,12.2,-0.3
2679,Jimmy Garoppolo,2015,7.5,1.5,0,-1.0,0,-0.3,36.0
2680,Jimmy Garoppolo,2016,9.375,342.63492063492066,4,0.6,0,36.0,87.9
2681,Jimmy Garoppolo,2017,9.75,1051.685393258427,7,0.7333333333333333,1,87.9,48.0
2682,Jimmy Garoppolo,2018,5.0625,427.5730337078652,5,4.125,0,48.0,247.3
2683,Jimmy Garoppolo,2019,28.0,2749.5,27,1.3478260869565217,1,247.3,64.3
2684,Jimmy Garoppolo,2020,10.875,735.8857142857142,7,2.5,0,64.3,227.5
2685,Jimmy Garoppolo,2021,26.470588235294116,2600.4761904761904,20,1.3421052631578947,3,227.5,164.8
2686,Jimmy Garoppolo,2022,20.058823529411764,1637.8538961038962,16,1.434782608695652,2,164.8,64.1
2687,Jimmy Garoppolo,2023,13.176470588235293,784.3195266272189,7,1.95,0,64.1,
2703,Joe Burrow,2020,15.0,1756.5148514851485,13,3.8378378378378377,3,173.7,314.2
2704,Joe Burrow,2021,23.529411764705884,3245.4346153846154,34,2.95,2,314.2,350.7
2705,Joe Burrow,2022,24.470588235294116,3057.1782178217823,35,3.4266666666666667,5,350.7,147.2
2706,Joe Burrow,2023,15.882352941176471,1543.5506849315068,15,2.838709677419355,0,147.2,
2707,Joe Flacco,2013,28.0,2306.4234527687295,19,4.851851851851852,1,207.6,262.4
2708,Joe Flacco,2014,29.0,2475.061371841155,27,1.794871794871795,2,262.4,161.9
2709,Joe Flacco,2015,18.75,1797.593220338983,14,1.7692307692307692,3,161.9,242.5
2710,Joe Flacco,2016,31.0,2800.910714285714,20,2.761904761904762,2,242.5,185.0
2711,Joe Flacco,2017,32.0,2013.9016393442623,18,2.16,1,185.0,137.1
2712,Joe Flacco,2018,18.5625,1508.9182058047493,12,2.3684210526315788,0,137.1,84.9
2713,Joe Flacco,2019,17.0,1189.1679389312976,6,1.6666666666666667,0,84.9,54.8
2714,Joe Flacco,2020,10.9375,477.13432835820896,6,3.6666666666666665,0,54.8,23.8
2715,Joe Flacco,2021,4.235294117647059,217.28571428571428,3,1.5,0,23.8,48.3
2716,Joe Flacco,2022,10.882352941176471,605.2879581151833,5,2.0,0,48.3,100.8
2717,Joe Flacco,2023,11.176470588235293,974.3529411764706,13,0.2222222222222222,0,100.8,
2727,Joe Webb,2013,27.0,0.0,0,0.0,0,8.3,2.6
2728,Joe Webb,2014,12.25,0.0,0,0.0,0,2.6,-0.1
2729,Joe Webb,2015,29.0,0.0,0,-1.0,0,-0.1,1.3
2730,Joe Webb,2016,26.25,0.0,0,0.0,0,1.3,4.8
2731,Joe Webb,2017,31.0,10.0,0,6.75,0,4.8,3.3
2732,Joe Webb,2018,32.0,0.0,0,0.0,0,3.3,0.0
2766,John Wolford,2020,1.5625,133.73684210526315,0,9.333333333333334,0,12.8,-1.9
2767,John Wolford,2021,4.588235294117647,1.25,0,-0.5,0,-1.9,14.8
2774,Johnny Manziel,2014,6.875,90.0,0,3.2222222222222223,1,11.9,95.0
2840,Jordan Love,2021,8.117647058823529,238.6451612903226,2,2.25,0,21.1,11.7
2841,Jordan Love,2022,5.647058823529412,130.0,1,-1.0,0,11.7,319.1
2842,Jordan Love,2023,25.0,2672.103626943005,32,4.94,4,319.1,
2885,Josh Allen,2018,16.5,1095.33125,10,7.089887640449438,8,208.1,288.6
2886,Josh Allen,2019,23.0,1815.876355748373,20,4.678899082568807,9,288.6,396.1
2887,Josh Allen,2020,24.0,3145.846153846154,37,4.127450980392157,8,396.1,402.6
2888,Josh Allen,2021,25.0,2790.19040247678,36,6.254098360655738,6,402.6,395.5
2889,Josh Allen,2022,24.470588235294116,2711.811287477954,35,6.145161290322581,7,395.5,392.6
2890,Josh Allen,2023,27.0,2863.2297063903284,29,4.7207207207207205,15,392.6,
2905,Josh Freeman,2013,6.25,326.14285714285717,2,4.0,0,30.4,10.4
2926,Josh Johnson,2013,3.375,0.0,0,2.857142857142857,0,2.0,49.6
2927,Josh Johnson,2018,8.0,337.14285714285717,3,5.217391304347826,1,49.6,46.3
2928,Josh Johnson,2021,8.235294117647058,427.83529411764704,5,3.111111111111111,0,46.3,0.0
2933,Josh McCown,2013,17.0,1216.611607142857,13,5.3076923076923075,1,136.1,126.9
2934,Josh McCown,2014,24.0625,1241.296636085627,11,5.08,3,126.9,132.2
2935,Josh McCown,2015,18.0,1343.4041095890411,12,4.9,1,132.2,52.1
2936,Josh McCown,2016,11.5625,600.0,6,3.0,0,52.1,205.4
2937,Josh McCown,2017,30.875,1967.8639798488664,18,3.3513513513513513,5,205.4,20.8
2938,Josh McCown,2018,9.75,294.0,1,6.4,0,20.8,0.8
2955,Josh Rosen,2018,18.375,1257.8269720101782,11,6.0,0,112.9,18.0
2956,Josh Rosen,2019,8.25,301.70642201834863,1,4.333333333333333,0,18.0,-3.2
2958,Joshua Dobbs,2018,7.1875,21.5,0,2.75,0,0.8,2.1
2959,Joshua Dobbs,2020,1.5625,1.6,0,10.0,0,2.1,20.8
2960,Joshua Dobbs,2022,3.176470588235294,241.76470588235293,2,5.5,0,20.8,200.7
2961,Joshua Dobbs,2023,21.41176470588235,1548.1247002398081,13,5.467532467532467,6,200.7,
3012,Justin Fields,2021,15.529411764705882,1101.2222222222222,7,5.833333333333333,2,126.8,296.0
3013,Justin Fields,2022,20.294117647058822,1353.6603773584907,17,7.14375,8,296.0,230.2
3014,Justin Fields,2023,18.352941176470587,1571.8216216216217,16,5.298387096774194,4,230.2,
3025,Justin Herbert,2020,20.625,2885.8084033613445,31,4.254545454545455,5,332.8,380.8
3026,Justin Herbert,2021,23.0,3305.3601190476193,38,4.7936507936507935,3,380.8,281.3
3027,Justin Herbert,2022,24.0,3233.9098712446353,25,2.7222222222222223,0,281.3,234.2
3028,Justin Herbert,2023,19.11764705882353,2041.2236842105262,20,4.384615384615385,3,234.2,
3156,Kellen Clemens,2013,18.75,981.6776859504132,8,2.782608695652174,0,85.3,0.4
3157,Kellen Clemens,2014,3.875,3.3333333333333335,0,0.0,0,0.4,6.4
3158,Kellen Clemens,2015,4.0,52.5,1,-1.0,0,6.4,-0.1
3159,Kellen Clemens,2016,24.75,0.0,0,-0.5,0,-0.1,-1.1
3211,Kenny Pickett,2022,18.352941176470587,1514.0874035989718,7,4.3090909090909095,3,149.9,110.2
3212,Kenny Pickett,2023,17.647058823529413,1284.1666666666667,6,1.2857142857142858,1,110.2,
3247,Kevin Hogan,2016,6.0,56.0,0,13.125,1,16.7,33.8
3248,Kevin Hogan,2017,6.25,317.0933333333333,4,7.1,0,33.8,0.0
3282,Kirk Cousins,2013,7.8125,446.28387096774196,4,3.5,0,33.6,88.4
3283,Kirk Cousins,2014,9.75,1056.1764705882354,10,2.857142857142857,0,88.4,293.4
3284,Kirk Cousins,2015,27.0,2907.7605893186005,29,1.8461538461538463,5,293.4,300.3
3285,Kirk Cousins,2016,28.0,3294.227722772277,25,2.823529411764706,4,300.3,277.6
3286,Kirk Cousins,2017,29.0,2630.1314814814814,27,3.6530612244897958,4,277.6,283.1
3287,Kirk Cousins,2018,30.0,3014.273927392739,30,2.7954545454545454,1,283.1,244.4
3288,Kirk Cousins,2019,29.0625,2491.2635135135133,26,2.032258064516129,1,244.4,306.2
3289,Kirk Cousins,2020,32.0,2884.6608527131784,35,4.875,1,306.2,300.3
3290,Kirk Cousins,2021,31.058823529411764,2798.951871657754,33,3.9655172413793105,1,300.3,291.6
3291,Kirk Cousins,2022,34.0,2998.3328149300155,29,3.129032258064516,2,291.6,149.7
3292,Kirk Cousins,2023,16.470588235294116,1618.9581993569132,18,1.7857142857142858,0,149.7,
3311,Kyle Allen,2018,2.75,171.61290322580646,2,3.8,1,26.5,177.5
3312,Kyle Allen,2019,18.6875,2058.4171779141107,17,3.3125,2,177.5,45.0
3313,Kyle Allen,2020,6.0,420.6896551724138,4,3.7142857142857144,1,45.0,7.9
3314,Kyle Allen,2021,2.9411764705882355,75.78947368421052,1,5.5,0,7.9,15.9
3315,Kyle Allen,2022,3.0588235294117645,245.33333333333334,2,2.1666666666666665,0,15.9,-1.3
3316,Kyle Allen,2023,11.117647058823529,0.0,0,-1.0,0,-1.3,
3328,Kyle Orton,2013,5.8125,257.52941176470586,2,8.0,0,20.7,176.1
3343,Kyle Trask,2022,1.411764705882353,7.666666666666667,0,0.0,0,0.9,-0.1
3344,Kyle Trask,2023,2.9411764705882355,0.0,0,-1.0,0,-0.1,
3348,Kyler Murray,2019,22.0,2396.638376383764,20,5.849462365591398,4,285.3,378.7
3349,Kyler Murray,2020,23.0,2668.6827956989246,26,6.157894736842105,11,378.7,300.5
3350,Kyler Murray,2021,19.764705882352942,2621.769230769231,24,4.806818181818182,5,300.5,200.5
3351,Kyler Murray,2022,16.176470588235293,1572.5948717948718,14,6.2388059701492535,3,200.5,146.4
3352,Kyler Murray,2023,12.235294117647058,1181.4328358208954,10,5.545454545454546,3,146.4,
3364,Lamar Jackson,2018,21.0,699.4058823529411,6,4.727891156462585,5,157.5,415.7
3365,Lamar Jackson,2019,20.625,2066.4713216957607,36,6.8522727272727275,7,415.7,332.8
3366,Lamar Jackson,2020,21.5625,1774.4521276595744,26,6.320754716981132,7,332.8,240.0
3367,Lamar Jackson,2021,16.941176470588236,1855.9476439790576,16,5.7669172932330826,2,240.0,236.1
3368,Lamar Jackson,2022,17.647058823529413,1396.0920245398772,17,6.821428571428571,3,236.1,331.2
3369,Lamar Jackson,2023,24.470588235294116,2470.7789934354487,24,5.547297297297297,5,331.2,
3389,Landry Jones,2015,11.375,298.4727272727273,3,-1.0,0,22.0,33.9
3390,Landry Jones,2016,13.5,343.8837209302326,4,-0.6666666666666666,0,33.9,8.6
3491,Logan Woodside,2020,9.375,2.3333333333333335,0,1.4285714285714286,0,1.3,-0.6
3492,Logan Woodside,2021,7.647058823529412,0.0,0,-1.0,0,-0.6,0.0
3493,Logan Woodside,2022,1.588235294117647,0.0,0,0.0,0,0.0,-0.3
3494,Logan Woodside,2023,1.6470588235294117,20.25,0,6.0,0,-0.3,
3507,Luke McCown,2013,32.0,0.0,0,-1.3333333333333333,0,-0.4,0.0
3508,Luke McCown,2014,33.0,0.0,0,0.0,0,0.0,11.4
3529,Mac Jones,2021,23.0,2568.046065259117,22,2.9318181818181817,0,224.9,170.1
3530,Mac Jones,2022,19.764705882352942,1952.7963800904977,14,2.1702127659574466,1,170.1,106.4
3531,Mac Jones,2023,16.176470588235293,1376.463768115942,10,3.6923076923076925,0,106.4,
3548,Malik Cunningham,2023,2.9411764705882355,0.0,0,0.0,0,0.0,
3559,Malik Willis,2022,10.823529411764707,140.2622950819672,0,4.555555555555555,1,19.3,3.1
3560,Malik Willis,2023,4.235294117647059,59.2,0,4.2,0,3.1,
3595,Marcus Mariota,2015,16.5,1751.7297297297298,19,7.411764705882353,2,211.0,259.9
3596,Marcus Mariota,2016,21.5625,2096.620842572062,26,5.816666666666666,2,259.9,210.5
3597,Marcus Mariota,2017,22.5,2004.8388520971303,13,5.2,5,210.5,175.9
3598,Marcus Mariota,2018,21.875,1741.3413897280966,11,5.578125,2,175.9,85.0
3599,Marcus Mariota,2019,11.375,714.28125,7,5.375,0,85.0,25.8
3600,Marcus Mariota,2020,1.6875,137.21428571428572,1,9.777777777777779,1,25.8,14.9
3601,Marcus Mariota,2021,16.470588235294116,2.0,0,6.6923076923076925,1,14.9,196.6
3602,Marcus Mariota,2022,22.176470588235293,1360.9866666666667,15,5.152941176470589,4,196.6,11.8
3603,Marcus Mariota,2023,5.294117647058823,106.95652173913044,1,6.5,0,11.8,
3625,Mark Sanchez,2014,15.75,1549.3980582524273,14,2.5588235294117645,1,139.4,32.8
3626,Mark Sanchez,2015,7.25,399.38461538461536,4,3.6666666666666665,0,32.8,-0.5
3627,Mark Sanchez,2016,3.75,51.666666666666664,0,-0.5,0,-0.5,0.3
3707,Mason Rudolph,2019,15.0,1097.6678445229682,13,2.0,0,108.8,18.4
3708,Mason Rudolph,2020,7.8125,188.37209302325581,2,-0.8571428571428571,0,18.4,18.4
3709,Mason Rudolph,2021,3.0588235294117645,167.1551724137931,1,10.6,0,18.4,39.6
3710,Mason Rudolph,2023,6.588235294117647,534.3918918918919,3,0.8,0,39.6,
3718,Matt Barkley,2013,4.3125,183.6734693877551,0,-1.0,0,1.8,0.0
3719,Matt Barkley,2014,1.5,0.0,0,0.0,0,0.0,71.8
3720,Matt Barkley,2016,11.375,962.125,8,0.2857142857142857,0,71.8,17.1
3721,Matt Barkley,2018,1.75,139.2,2,-0.6666666666666666,0,17.1,6.0
3722,Matt Barkley,2019,3.625,190.05882352941177,0,-2.0,0,6.0,9.3
3723,Matt Barkley,2020,9.375,103.19047619047619,1,-1.0,0,9.3,-0.3
3724,Matt Barkley,2023,1.9411764705882353,0.0,0,-1.0,0,-0.3,
3734,Matt Cassel,2013,17.4375,1088.4685039370079,11,3.1666666666666665,1,108.0,22.8
3735,Matt Cassel,2014,6.0,245.42253521126761,3,2.0,0,22.8,66.8
3736,Matt Cassel,2015,18.5625,744.3333333333334,5,5.2,0,66.8,15.7
3737,Matt Cassel,2016,8.5,167.05882352941177,2,0.75,0,15.7,2.5
3738,Matt Cassel,2017,4.375,96.42857142857143,1,0.0,0,2.5,1.7
3740,Matt Flynn,2013,12.25,863.04,8,3.25,0,72.2,-2.4
3745,Matt Hasselbeck,2013,7.125,75.83333333333333,0,-1.0,0,3.0,16.9
3746,Matt Hasselbeck,2014,9.75,205.22727272727272,2,-1.375,0,16.9,91.1
3757,Matt McGloin,2013,10.5,865.1469194312796,8,2.4545454545454546,0,78.6,5.5
3758,Matt McGloin,2014,1.5625,81.47368421052632,1,1.5,0,5.5,9.7
3759,Matt McGloin,2015,3.25,102.0625,2,0.0,0,9.7,1.7
3760,Matt Moore,2013,1.8125,17.666666666666668,0,0.0,0,-1.9,0.6
3761,Matt Moore,2014,3.75,10.5,0,-1.0,0,0.6,0.4
3762,Matt Moore,2015,1.9375,14.0,0,-0.6666666666666666,0,0.4,54.7
3763,Matt Moore,2016,8.0,455.8045977011494,8,-1.0,0,54.7,41.3
3764,Matt Moore,2017,8.25,528.8031496062993,4,3.0,0,41.3,42.3
3765,Matt Ryan,2013,28.0,3044.6774193548385,26,3.235294117647059,0,248.1,284.3
3766,Matt Ryan,2014,29.0,3101.9267515923566,28,5.0,0,284.3,233.9
3767,Matt Ryan,2015,30.0,3043.21986970684,21,1.75,0,233.9,347.5
3768,Matt Ryan,2016,31.0,3453.3932584269664,38,3.342857142857143,0,347.5,228.1
3769,Matt Ryan,2017,32.0,2647.4291115311908,20,4.46875,0,228.1,355.0
3770,Matt Ryan,2018,33.0,3417.6447368421054,35,3.787878787878788,3,355.0,267.3
3771,Matt Ryan,2019,31.875,2958.0,26,4.323529411764706,1,267.3,282.4
3772,Matt Ryan,2020,35.0,2978.38178913738,26,3.1724137931034484,2,282.4,222.9
3773,Matt Ryan,2021,36.0,2657.1428571428573,20,2.05,1,222.9,155.3
3774,Matt Schaub,2013,20.0,1413.1005586592178,10,4.8,0,104.8,-3.7
3775,Matt Schaub,2014,22.6875,28.5,0,0.0,0,-3.7,26.6
3776,Matt Schaub,2015,4.25,351.0,3,2.5,0,26.6,0.4
3777,Matt Schaub,2016,8.75,5.333333333333333,0,-1.0,0,0.4,1.1
3778,Matt Schaub,2018,6.9375,14.285714285714286,0,0.0,0,1.1,32.9
3779,Matt Schaub,2019,14.25,432.8358208955224,3,-1.0,0,32.9,-0.4
3780,Matt Simms,2013,4.6875,80.51612903225806,1,7.4,0,9.9,1.8
3801,Matthew Stafford,2013,25.0,2721.056782334385,29,1.864864864864865,2,278.9,251.6
3802,Matthew Stafford,2014,26.0,2566.9285714285716,22,2.1627906976744184,2,251.6,290.8
3803,Matthew Stafford,2015,27.0,2865.3310810810813,32,3.6136363636363638,1,290.8,279.8
3804,Matthew Stafford,2016,28.0,2826.3905723905723,24,5.594594594594595,2,279.8,273.6
3805,Matthew Stafford,2017,29.0,2919.408849557522,29,3.3793103448275863,0,273.6,212.2
3806,Matthew Stafford,2018,30.0,2497.583783783784,21,2.84,0,212.2,166.6
3807,Matthew Stafford,2019,15.5,1605.8865979381444,19,3.3,0,166.6,260.6
3808,Matthew Stafford,2020,32.0,2622.1136363636365,26,3.8620689655172415,0,260.6,329.7
3809,Matthew Stafford,2021,33.0,3284.432612312812,41,1.34375,0,329.7,108.4
3810,Matthew Stafford,2022,18.0,1418.8844884488449,10,0.6923076923076923,1,108.4,243.1
3811,Matthew Stafford,2023,30.88235294117647,2480.978886756238,24,3.0952380952380953,0,243.1,
3890,Michael Vick,2013,14.4375,663.5106382978723,5,8.5,2,101.0,43.5
3891,Michael Vick,2014,21.25,319.4710743801653,3,5.884615384615385,0,43.5,30.7
3927,Mike Glennon,2013,19.5,1548.5,19,1.3703703703703705,0,158.0,89.6
3928,Mike Glennon,2014,9.375,816.6945812807882,10,4.9,0,89.6,9.0
3929,Mike Glennon,2016,3.375,68.18181818181819,1,0.0,0,9.0,33.7
3930,Mike Glennon,2017,7.0,553.35,4,1.0,0,33.7,11.0
3931,Mike Glennon,2018,3.625,124.28571428571429,1,0.0,0,11.0,4.2
3932,Mike Glennon,2019,3.75,33.6,1,0.0,0,4.2,60.6
3933,Mike Glennon,2020,9.6875,664.7597765363129,7,2.8333333333333335,0,60.6,30.9
3954,Mike White,2021,6.117647058823529,635.3333333333334,5,-0.2,0,44.0,56.6
3955,Mike White,2022,6.352941176470588,701.5771428571428,3,1.5,1,56.6,2.1
3956,Mike White,2023,9.882352941176471,61.666666666666664,1,-1.125,0,2.1,
3980,Mitchell Trubisky,2017,17.25,1302.509090909091,7,6.048780487804878,2,134.5,263.0
3981,Mitchell Trubisky,2018,21.0,2146.1912442396315,24,6.1911764705882355,3,263.0,202.8
3982,Mitchell Trubisky,2019,23.4375,1982.5348837209303,17,4.020833333333333,2,202.8,153.7
3983,Mitchell Trubisky,2020,16.25,1376.919191919192,16,5.909090909090909,1,153.7,8.1
3984,Mitchell Trubisky,2021,9.529411764705882,32.25,0,1.8461538461538463,1,8.1,73.9
3985,Mitchell Trubisky,2022,11.529411764705882,813.8,4,2.0,2,73.9,48.7
3986,Mitchell Trubisky,2023,8.529411764705882,395.7383177570093,4,3.375,2,48.7,
4037,Nate Sudfeld,2017,1.5,110.69565217391305,0,22.0,0,7.6,4.7
4038,Nate Sudfeld,2018,3.125,11.0,1,-1.0,0,4.7,-1.5
4039,Nate Sudfeld,2020,1.6875,13.333333333333334,0,6.0,0,-1.5,-0.4
4043,Nathan Peterman,2017,5.75,123.42857142857143,2,3.2857142857142856,0,10.4,12.8
4044,Nathan Peterman,2018,6.0,160.79012345679013,1,5.0,1,12.8,1.9
4045,Nathan Peterman,2020,1.625,15.0,0,9.0,0,1.9,0.2
4046,Nathan Peterman,2021,1.588235294117647,0.0,0,1.0,0,0.2,8.3
4047,Nathan Peterman,2022,4.9411764705882355,77.84,1,3.5,0,8.3,-0.4
4048,Nathan Peterman,2023,3.411764705882353,0.0,0,-2.0,0,-0.4,
4085,Nick Foles,2013,19.5,1851.3343848580441,27,3.8771929824561404,3,259.7,119.3
4086,Nick Foles,2014,12.5,1293.6270096463022,13,4.25,0,119.3,96.1
4087,Nick Foles,2015,17.875,1156.913946587537,7,1.1764705882352942,1,96.1,28.0
4088,Nick Foles,2016,5.0625,268.3636363636364,3,-1.0,0,28.0,33.8
4089,Nick Foles,2017,12.25,303.05940594059405,5,0.2727272727272727,0,33.8,76.2
4090,Nick Foles,2018,9.0625,1021.7076923076924,7,1.8888888888888888,0,76.2,37.7
4091,Nick Foles,2019,7.5,484.37606837606836,3,5.75,0,37.7,104.2
4092,Nick Foles,2020,17.4375,1199.051282051282,10,0.0625,1,104.2,16.8
4093,Nick Foles,2021,1.8823529411764706,171.42857142857142,1,2.0,0,16.8,1.8
4094,Nick Mullens,2018,11.5,1462.5985401459855,13,-0.8888888888888888,0,123.5,-0.3
4095,Nick Mullens,2019,1.5,0.0,0,-1.0,0,-0.3,116.3
4096,Nick Mullens,2020,15.625,1577.3220858895706,12,0.8888888888888888,0,116.3,9.9
4097,Nick Mullens,2021,1.5294117647058822,98.0,1,0.0,0,9.9,11.8
4098,Nick Mullens,2022,6.352941176470588,188.16,1,2.0,0,11.8,66.7
4099,Nick Mullens,2023,8.235294117647058,882.4324324324324,7,2.5,0,66.7,
4185,P.J. Walker,2020,6.25,210.28571428571428,1,-0.4,0,8.5,13.8
4186,P.J. Walker,2021,7.647058823529412,197.45454545454547,1,1.8571428571428572,0,13.8,39.1
4187,P.J. Walker,2022,9.529411764705882,434.4622641509434,3,6.5,0,39.1,20.0
4188,P.J. Walker,2023,9.882352941176471,327.8918918918919,1,2.3076923076923075,0,20.0,
4209,Patrick Mahomes,2017,1.375,178.5142857142857,0,1.4285714285714286,0,10.4,417.1
4210,Patrick Mahomes,2018,23.0,3365.7775862068966,50,4.533333333333333,2,417.1,287.0
4211,Patrick Mahomes,2019,21.0,2656.7954545454545,26,5.069767441860465,2,287.0,374.4
4212,Patrick Mahomes,2020,23.4375,3143.877551020408,38,4.967741935483871,2,374.4,361.7
4213,Patrick Mahomes,2021,26.0,3206.38905775076,37,5.7727272727272725,2,361.7,417.4
4214,Patrick Mahomes,2022,27.0,3524.3055555555557,41,5.868852459016393,4,417.4,280.2
4215,Patrick Mahomes,2023,26.352941176470587,2809.6867671691793,27,5.1866666666666665,0,280.2,
4233,Paxton Lynch,2016,4.125,293.4096385542169,2,2.272727272727273,0,28.4,14.8
4248,Peyton Manning,2013,37.0,3739.9848254931717,55,-0.96875,1,410.0,312.7
4249,Peyton Manning,2014,38.0,3127.5795644891123,39,-1.0,0,312.7,91.4
4262,Philip Rivers,2013,32.0,3111.551470588235,32,2.5714285714285716,0,287.4,265.6
4263,Philip Rivers,2014,33.0,2849.8140350877193,31,2.7567567567567566,0,265.6,284.5
4264,Philip Rivers,2015,34.0,3168.0847201210286,29,1.6470588235294117,0,284.5,258.9
4265,Philip Rivers,2016,35.0,2648.294117647059,33,2.5,0,258.9,270.4
4266,Philip Rivers,2017,36.0,2826.782608695652,28,-0.1111111111111111,0,270.4,285.0
4267,Philip Rivers,2018,37.0,2942.6692913385828,32,0.3888888888888889,0,285.0,235.5
4268,Philip Rivers,2019,38.0,3045.431472081218,23,2.4166666666666665,0,235.5,240.0
4479,Robert Griffin III,2013,18.6875,1924.609649122807,16,5.686046511627907,0,213.0,87.4
4480,Robert Griffin III,2014,13.5,1163.6355140186915,4,4.631578947368421,1,87.4,66.4
4481,Robert Griffin III,2016,8.125,524.3673469387755,2,6.129032258064516,2,66.4,0.8
4482,Robert Griffin III,2018,5.25,7.0,0,0.0,0,0.8,16.0
4483,Robert Griffin III,2019,12.6875,136.18421052631578,1,3.5,0,16.0,2.6
4574,Russell Wilson,2013,25.0,2119.7764127764126,26,5.614583333333333,1,270.2,330.6
4575,Russell Wilson,2014,26.0,2191.0951327433627,20,7.194915254237288,6,330.6,336.3
4576,Russell Wilson,2015,27.0,2740.985507246377,34,5.368932038834951,1,336.3,270.1
4577,Russell Wilson,2016,28.0,2727.668498168498,21,3.5972222222222223,1,270.1,347.9
4578,Russell Wilson,2017,29.0,2441.6582278481014,34,6.168421052631579,3,347.9,299.4
4579,Russell Wilson,2018,30.0,2260.9836065573772,35,5.611940298507463,0,299.4,328.6
4580,Russell Wilson,2019,31.0,2716.1046511627906,31,4.56,3,328.6,359.8
4581,Russell Wilson,2020,32.0,2898.5806451612902,40,6.180722891566265,2,359.8,242.8
4582,Russell Wilson,2021,27.176470588235293,2015.6675,25,4.255813953488372,2,242.8,225.8
4583,Russell Wilson,2022,30.0,2130.4513457556936,16,5.036363636363636,3,225.8,256.9
4584,Russell Wilson,2023,30.88235294117647,2039.7986577181207,26,4.2625,3,256.9,
4586,Ryan Finley,2019,4.6875,223.3793103448276,2,7.7,0,24.7,19.2
4587,Ryan Fitzpatrick,2013,21.3125,1521.48,14,5.232558139534884,3,167.7,179.7
4588,Ryan Fitzpatrick,2014,24.0,1567.7916666666667,17,3.68,2,179.7,285.2
4589,Ryan Fitzpatrick,2015,33.0,2327.7135231316724,31,4.5,2,285.2,133.4
4590,Ryan Fitzpatrick,2016,29.75,1533.2009925558314,12,3.9393939393939394,0,133.4,73.9
4591,Ryan Fitzpatrick,2017,13.125,649.6196319018405,7,5.2,0,73.9,165.8
4592,Ryan Fitzpatrick,2018,18.0,1577.3333333333333,17,4.222222222222222,2,165.8,241.5
4593,Ryan Fitzpatrick,2019,34.6875,2186.292828685259,20,4.5,4,241.5,153.7
4594,Ryan Fitzpatrick,2020,21.375,1433.1573033707866,13,5.033333333333333,2,153.7,0.7
4607,Ryan Griffin,2019,3.75,9.0,0,-0.25,0,0.6,17.6
4616,Ryan Lindley,2014,4.6875,271.93548387096774,2,0.0,0,22.5,6.3
4617,Ryan Mallett,2014,4.875,218.66666666666666,2,-0.3333333333333333,0,19.8,70.9
4618,Ryan Mallett,2015,13.5,744.655737704918,5,3.0,1,70.9,-1.6
4619,Ryan Mallett,2016,7.0,13.0,0,-1.2,0,-1.6,9.9
4626,Ryan Nassib,2014,6.0,48.0,0,-1.5,0,2.1,6.7
4630,Ryan Tannehill,2013,25.0,2362.440476190476,24,5.95,1,238.3,279.5
4631,Ryan Tannehill,2014,26.0,2687.5254237288136,27,5.553571428571429,1,279.5,258.3
4632,Ryan Tannehill,2015,27.0,2606.6621160409554,24,4.40625,1,258.3,190.2
4633,Ryan Tannehill,2016,22.75,2009.4987146529563,19,4.205128205128205,1,190.2,143.0
4634,Ryan Tannehill,2018,20.625,1271.1824817518248,17,4.53125,0,143.0,224.2
4635,Ryan Tannehill,2019,23.25,1927.06993006993,22,4.3023255813953485,4,224.2,344.4
4636,Ryan Tannehill,2020,32.0,2501.008316008316,33,6.186046511627907,7,344.4,268.4
4637,Ryan Tannehill,2021,33.0,2510.4293785310733,21,4.909090909090909,7,268.4,161.2
4638,Ryan Tannehill,2022,24.0,1654.2523076923078,13,2.8823529411764706,2,161.2,80.0
4639,Ryan Tannehill,2023,20.58823529411765,1046.8869565217392,4,4.352941176470588,1,80.0,
4647,Sam Bradford,2013,11.375,1023.7900763358779,14,2.066666666666667,0,118.6,194.9
4648,Sam Bradford,2015,24.5,2422.6503759398497,19,1.5,0,194.9,221.9
4649,Sam Bradford,2016,27.1875,2774.302536231884,20,2.65,0,221.9,27.0
4650,Sam Bradford,2017,3.75,284.27906976744185,3,-1.5,0,27.0,12.7
4651,Sam Darnold,2018,17.0625,1653.9492753623188,17,3.1363636363636362,1,168.4,189.2
4652,Sam Darnold,2019,17.875,1872.0,19,1.878787878787879,2,189.2,134.0
4653,Sam Darnold,2020,17.25,1316.3076923076924,9,5.864864864864865,2,134.0,157.3
4654,Sam Darnold,2021,16.941176470588236,1512.4655172413793,9,4.625,5,157.3,86.3
4655,Sam Darnold,2022,8.823529411764707,669.4714285714285,7,4.076923076923077,2,86.3,23.4
4656,Sam Darnold,2023,15.294117647058824,180.7826086956522,2,0.7142857142857143,1,23.4,
4657,Sam Ehlinger,2021,4.0588235294117645,0.0,0,3.0,0,0.9,35.6
4658,Sam Ehlinger,2022,5.647058823529412,363.08910891089107,3,5.117647058823529,0,35.6,0.0
4659,Sam Ehlinger,2023,1.4705882352941178,0.0,0,0.0,0,0.0,
4660,Sam Howell,2022,1.2941176470588236,97.84210526315789,1,7.0,1,18.3,257.5
4661,Sam Howell,2023,23.0,2501.7124183006536,21,5.479166666666667,5,257.5,
4702,Scott Tolzien,2013,4.875,438.1666666666667,1,11.0,1,34.2,-0.1
4703,Scott Tolzien,2015,5.25,4.0,0,-1.0,0,-0.1,8.9
4704,Scott Tolzien,2016,5.4375,134.27027027027026,1,0.5,0,8.9,1.3
4706,Sean Clifford,2023,2.9411764705882355,37.0,0,-0.6666666666666666,0,1.3,
4710,Sean Mannion,2015,1.4375,26.571428571428573,0,0.0,0,1.2,-1.3
4711,Sean Mannion,2016,1.5,9.5,0,-1.0,0,-1.3,5.2
4712,Sean Mannion,2017,7.8125,110.0,0,-0.2222222222222222,0,5.2,0.0
4713,Sean Mannion,2018,4.875,15.333333333333334,0,-1.2857142857142858,0,0.0,-1.5
4714,Sean Mannion,2019,5.0625,72.0,0,-0.8333333333333334,0,-1.5,13.0
4746,Shaun Hill,2013,2.0625,0.0,0,-1.0,0,-0.2,90.3
4747,Shaun Hill,2014,19.125,1049.1921397379913,8,1.0,1,90.3,0.1
4748,Shaun Hill,2015,6.5625,4.285714285714286,0,-1.25,0,0.1,10.2
4843,T.J. Yates,2013,4.875,77.04545454545455,0,0.0,0,0.5,0.6
4844,T.J. Yates,2014,1.6875,48.0,0,0.0,0,0.6,22.8
4845,T.J. Yates,2015,7.0,181.75438596491227,3,0.0,0,22.8,0.0
4846,T.J. Yates,2016,0.0,0.0,0,0.0,0,0.0,34.0
4878,Tanner Gentry,2017,5.75,0.0,0,0.0,0,6.5,0.0
4890,Tarvaris Jackson,2013,5.625,116.15384615384616,1,0.25,1,16.1,0.0
4891,Tarvaris Jackson,2014,1.9375,0.0,0,0.0,0,0.0,0.7
4911,Taylor Heinicke,2017,1.5,10.0,0,2.0,0,0.6,13.9
4912,Taylor Heinicke,2018,9.375,196.49122807017545,1,6.2,0,13.9,11.7
4913,Taylor Heinicke,2020,1.6875,86.52631578947368,1,7.333333333333333,0,11.7,222.9
4914,Taylor Heinicke,2021,26.352941176470587,2221.657894736842,20,5.216666666666667,1,222.9,116.0
4915,Taylor Heinicke,2022,15.352941176470589,1155.5945945945946,12,3.4285714285714284,1,116.0,66.0
4916,Taylor Heinicke,2023,8.823529411764707,484.2647058823529,5,8.266666666666667,1,66.0,
4937,Teddy Bridgewater,2014,17.875,1880.6492537313434,14,4.446808510638298,1,179.7,200.4
4938,Teddy Bridgewater,2015,23.0,2110.6308724832215,14,4.363636363636363,3,200.4,-2.3
4939,Teddy Bridgewater,2017,1.5625,0.0,0,-1.0,0,-2.3,7.2
4940,Teddy Bridgewater,2018,8.125,71.82608695652173,1,0.45454545454545453,0,7.2,90.5
4941,Teddy Bridgewater,2019,15.1875,939.1428571428571,9,1.1071428571428572,0,90.5,241.2
4942,Teddy Bridgewater,2020,26.25,2579.7154471544713,15,5.264150943396227,5,241.2,202.7
4943,Teddy Bridgewater,2021,23.88235294117647,2041.8309859154929,18,3.533333333333333,2,202.7,38.0
4944,Teddy Bridgewater,2022,8.823529411764707,423.63291139240505,4,9.0,0,38.0,-0.2
4945,Teddy Bridgewater,2023,1.8235294117647058,0.0,0,-1.0,0,-0.2,
4966,Terrelle Pryor,2013,16.5,1031.2058823529412,7,6.9397590361445785,2,143.5,5.1
4995,Tim Boyle,2019,4.6875,11.25,0,-1.4,0,-0.1,-0.9
4996,Tim Boyle,2020,13.0,0.0,0,-0.6923076923076923,0,-0.9,24.3
4997,Tim Boyle,2021,7.9411764705882355,341.3404255319149,3,6.5,0,24.3,-2.9
4998,Tim Boyle,2022,1.6470588235294117,8.25,0,-1.0,0,-2.9,10.9
4999,Tim Boyle,2023,5.117647058823529,224.41558441558442,1,1.25,0,10.9,
5015,Tom Brady,2013,36.0,2627.9299363057326,25,0.5625,0,251.5,278.1
5016,Tom Brady,2014,37.0,2633.4312714776634,33,1.5833333333333333,0,278.1,344.7
5017,Tom Brady,2015,38.0,3072.980769230769,36,1.5588235294117647,3,344.7,258.6
5018,Tom Brady,2016,29.25,2394.0138888888887,28,2.2857142857142856,0,258.6,295.9
5019,Tom Brady,2017,40.0,3032.9518072289156,32,1.12,0,295.9,281.3
5020,Tom Brady,2018,41.0,2865.1315789473683,29,1.5217391304347827,2,281.3,263.7
5021,Tom Brady,2019,42.0,2468.615008156607,24,1.3076923076923077,3,263.7,337.9
5022,Tom Brady,2020,43.0,3045.627868852459,40,0.2,3,337.9,374.7
5023,Tom Brady,2021,44.0,3585.897079276773,43,2.892857142857143,2,374.7,271.7
5026,Tom Savage,2014,3.0,66.84210526315789,0,-1.0,0,0.5,17.6
5027,Tom Savage,2016,4.875,290.4931506849315,0,2.0,0,17.6,50.7
5032,Tommy DeVito,2023,13.235294117647058,705.1348314606741,8,5.416666666666667,1,93.5,
5055,Tony Romo,2013,30.9375,2447.0579439252338,31,1.9,0,260.9,266.3
5056,Tony Romo,2014,31.875,2589.2413793103447,34,2.3461538461538463,0,266.3,40.7
5057,Tony Romo,2015,8.75,606.3801652892562,5,3.25,0,40.7,5.2
5066,Trace McSorley,2019,1.5,0.0,0,1.0,0,0.1,9.3
5067,Trace McSorley,2020,3.125,27.0,1,3.4,0,9.3,8.6
5150,Trevor Lawrence,2021,22.0,2171.294019933555,12,4.575342465753424,2,199.0,295.6
5151,Trevor Lawrence,2022,23.0,2725.5667808219177,25,4.693548387096774,5,295.6,262.5
5152,Trevor Lawrence,2023,22.58823529411765,2634.6099290780144,21,4.8428571428571425,4,262.5,
5153,Trevor Siemian,2015,1.5,0.0,0,-1.0,0,-0.1,191.7
5154,Trevor Siemian,2016,21.875,2022.4053497942386,18,2.0357142857142856,0,191.7,126.1
5155,Trevor Siemian,2017,17.875,1348.7392550143265,12,4.096774193548387,1,126.1,0.1
5156,Trevor Siemian,2019,1.75,1.5,0,0.0,0,0.1,90.2
5157,Trevor Siemian,2021,10.588235294117647,662.936170212766,11,2.2222222222222223,1,90.2,10.2
5158,Trevor Siemian,2022,3.6470588235294117,106.15384615384616,1,2.0,0,10.2,27.0
5159,Trevor Siemian,2023,9.411764705882353,406.9542483660131,2,3.6363636363636362,0,27.0,
5170,Trey Lance,2021,7.411764705882353,348.2112676056338,5,4.421052631578948,1,64.9,12.5
5191,Tua Tagovailoa,2020,13.75,1163.4620689655173,11,3.0277777777777777,3,135.5,180.9
5192,Tua Tagovailoa,2021,17.58823529411765,1798.2963917525774,16,3.0476190476190474,3,180.9,230.9
5193,Tua Tagovailoa,2022,18.352941176470587,2297.33,25,3.0434782608695654,0,230.9,270.4
5194,Tua Tagovailoa,2023,25.0,3203.7714285714287,29,2.1142857142857143,0,270.4,
5231,Tyler Bray,2017,1.625,0.0,0,0.0,0,-2.0,0.7
5262,Tyler Huntley,2020,2.75,9.0,0,2.3,0,2.9,82.6
5263,Tyler Huntley,2021,9.470588235294118,701.5,3,6.25531914893617,2,82.6,50.0
5264,Tyler Huntley,2022,8.470588235294118,440.625,2,3.186046511627907,1,50.0,25.6
5265,Tyler Huntley,2023,7.352941176470588,115.21621621621621,3,3.6666666666666665,0,25.6,
5312,Tyrod Taylor,2013,4.5,0.4,0,8.0,0,6.1,-0.3
5313,Tyrod Taylor,2014,1.5625,0.0,0,-0.75,0,-0.3,271.6
5314,Tyrod Taylor,2015,22.75,1932.8157894736842,20,5.461538461538462,4,271.6,270.9
5315,Tyrod Taylor,2016,25.3125,1865.1077981651376,17,6.105263157894737,6,270.9,222.7
5316,Tyrod Taylor,2017,26.25,1752.7071428571428,14,5.083333333333333,4,222.7,41.4
5317,Tyrod Taylor,2018,7.25,233.71764705882353,2,7.8125,1,41.4,6.0
5318,Tyrod Taylor,2019,15.0,22.0,1,0.7,0,6.0,9.0
5319,Tyrod Taylor,2020,3.875,110.93333333333334,0,1.1666666666666667,0,9.0,81.7
5320,Tyrod Taylor,2021,11.294117647058824,586.04,5,7.947368421052632,3,81.7,11.3
5321,Tyrod Taylor,2022,5.823529411764706,43.5,1,14.0,0,11.3,87.3
5322,Tyrod Taylor,2023,22.0,864.2,5,5.184210526315789,0,87.3,
5327,Tyson Bagent,2023,6.764705882352941,564.6573426573426,3,4.739130434782608,2,53.3,
5396,Will Levis,2023,12.705882352941176,1056.4392156862746,8,2.28,1,102.0,
5445,Zach Mettenberger,2014,10.0625,844.0446927374302,8,0.8,0,70.9,42.2
5457,Zach Wilson,2021,16.823529411764707,1298.0208877284595,9,6.379310344827586,4,151.9,98.9
5458,Zach Wilson,2022,12.176470588235293,920.7272727272727,6,3.642857142857143,1,98.9,119.9
5459,Zach Wilson,2023,16.941176470588236,1363.8342391304348,8,5.861111111111111,0,119.9,
