,Player,Year,InjuryFactor,RushEfficiency,RecEfficiency,TotTD,PPR,NextPPR
24,AJ Dillon,2020,15.125,5.260869565217392,21.0,2,40.3,185.6
25,AJ Dillon,2021,23.0,4.294117647058823,287.6216216216216,7,185.6,167.6
26,AJ Dillon,2022,24.0,4.139784946236559,134.13953488372093,7,167.6,117.6
27,AJ Dillon,2023,22.058823529411764,3.443820224719101,175.21428571428572,2,117.6,
30,Aaron Jones,2017,17.25,5.530864197530864,11.0,4,80.0,171.4
31,Aaron Jones,2018,18.0,5.473684210526316,153.02857142857144,9,171.4,314.8
32,Aaron Jones,2019,25.0,4.593220338983051,341.55882352941177,19,314.8,258.9
33,Aaron Jones,2020,22.75,5.492537313432836,264.8412698412698,11,258.9,229.0
34,Aaron Jones,2021,23.823529411764707,4.6725146198830405,312.8,10,229.0,248.6
35,Aaron Jones,2022,28.0,5.262910798122066,323.68055555555554,7,248.6,134.9
36,Aaron Jones,2023,18.764705882352942,4.619718309859155,162.5581395348837,3,134.9,
37,Aaron Ripkowski,2015,21.5625,0.0,18.0,0,2.8,46.6
38,Aaron Ripkowski,2016,24.0,4.411764705882353,41.4,3,46.6,12.2
78,Adrian Peterson,2013,24.5,4.537634408602151,123.975,11,232.7,11.3
79,Adrian Peterson,2014,1.8125,3.5714285714285716,12.0,0,11.3,260.7
80,Adrian Peterson,2015,30.0,4.541284403669724,185.0,11,260.7,9.0
81,Adrian Peterson,2016,5.8125,1.945945945945946,4.0,0,9.0,78.9
82,Adrian Peterson,2017,20.0,3.391025641025641,40.526315789473685,2,78.9,189.0
83,Adrian Peterson,2018,33.0,4.151394422310757,160.0,8,189.0,147.0
84,Adrian Peterson,2019,31.875,4.2559241706161135,104.95652173913044,5,147.0,124.5
85,Adrian Peterson,2020,35.0,3.871794871794872,67.33333333333333,7,124.5,26.6
86,Ahmad Bradshaw,2013,5.0625,4.536585365853658,36.75,2,41.8,154.5
87,Ahmad Bradshaw,2014,17.5,4.722222222222222,242.5531914893617,8,154.5,42.9
89,Akeem Hunt,2015,9.625,5.647058823529412,23.4,0,19.5,16.8
90,Akeem Hunt,2016,11.5,5.45,21.75,0,16.8,9.4
119,Alex Armah,2022,3.2941176470588234,0.0,0.0,0,0.0,4.3
120,Alex Armah,2023,13.647058823529411,0.0,13.0,0,4.3,
122,Alex Collins,2016,15.125,4.032258064516129,84.0,1,35.9,171.0
123,Alex Collins,2017,21.5625,4.589622641509434,119.47222222222223,6,171.0,108.6
124,Alex Collins,2018,15.0,3.6052631578947367,75.0,8,108.6,21.1
125,Alex Collins,2020,4.875,4.277777777777778,2.0,2,21.1,68.8
146,Alexander Mattison,2019,17.0625,4.62,68.33333333333333,1,68.4,86.9
147,Alexander Mattison,2020,17.875,4.520833333333333,108.33333333333333,3,86.9,125.9
148,Alexander Mattison,2021,21.647058823529413,3.6641791044776117,187.07692307692307,4,125.9,88.4
149,Alexander Mattison,2022,24.0,3.824324324324324,75.83333333333333,6,88.4,133.2
150,Alexander Mattison,2023,23.529411764705884,3.888888888888889,130.9090909090909,3,133.2,
151,Alfonso Smith,2013,26.0,3.0,52.30769230769231,1,26.2,6.0
152,Alfred Blue,2014,23.0,3.1242603550295858,94.16666666666667,3,97.1,111.7
153,Alfred Blue,2015,24.0,3.814207650273224,102.1875,3,111.7,62.0
154,Alfred Blue,2016,21.875,4.2,30.0,1,62.0,44.6
155,Alfred Blue,2017,17.875,3.6901408450704225,42.0,1,44.6,97.3
156,Alfred Morris,2013,25.0,4.619565217391305,58.5,7,178.3,187.9
157,Alfred Morris,2014,26.0,4.052830188679246,101.34615384615384,8,187.9,96.6
158,Alfred Morris,2015,27.0,3.717821782178218,42.30769230769231,1,96.6,40.4
159,Alfred Morris,2016,24.5,3.5217391304347827,5.5,2,40.4,72.2
160,Alfred Morris,2017,25.375,4.756521739130434,35.0,1,72.2,68.1
161,Alfred Morris,2018,22.5,3.855855855855856,44.92307692307692,2,68.1,0.4
162,Alfred Morris,2019,1.9375,4.0,0.0,0,0.4,40.7
163,Allen Bradford,2013,15.625,0.0,0.0,0,0.0,0.0
164,Allen Bradford,2014,1.625,0.0,0.0,0,0.0,0.0
193,Alvin Kamara,2017,22.0,6.066666666666666,669.06,14,320.4,354.2
194,Alvin Kamara,2018,21.5625,4.551546391752577,546.9428571428572,18,354.2,248.5
195,Alvin Kamara,2019,21.0,4.6608187134502925,445.08247422680415,6,248.5,377.8
196,Alvin Kamara,2020,23.4375,4.983957219251337,586.4299065420561,21,377.8,234.7
197,Alvin Kamara,2021,19.88235294117647,3.7416666666666667,307.95522388059703,9,234.7,211.7
198,Alvin Kamara,2022,23.823529411764707,4.022421524663677,362.72727272727275,4,211.7,233.0
199,Alvin Kamara,2023,21.41176470588235,3.8555555555555556,406.3953488372093,6,233.0,
212,Ameer Abdullah,2015,22.0,4.174825174825175,120.39473684210526,3,117.0,26.8
213,Ameer Abdullah,2016,2.875,5.611111111111111,57.0,1,26.8,124.4
214,Ameer Abdullah,2017,21.0,3.3454545454545452,115.71428571428571,5,124.4,3.9
215,Ameer Abdullah,2018,15.625,1.0,21.0,0,3.9,39.3
216,Ameer Abdullah,2019,26.0,5.0,62.857142857142854,1,39.3,30.0
217,Ameer Abdullah,2020,27.0,5.25,51.55555555555556,2,30.0,89.5
218,Ameer Abdullah,2021,28.0,3.2549019607843137,207.20754716981133,1,89.5,54.1
219,Ameer Abdullah,2022,29.0,5.0,164.84375,1,54.1,41.0
220,Ameer Abdullah,2023,30.0,5.933333333333334,103.70833333333333,0,41.0,
228,Andre Ellington,2013,22.5,5.52542372881356,253.8421052631579,4,165.3,177.5
229,Andre Ellington,2014,18.75,3.283582089552239,283.90625,5,177.5,74.7
230,Andre Ellington,2015,16.25,6.4222222222222225,92.5,3,74.7,30.1
231,Andre Ellington,2016,27.0,2.823529411764706,53.68421052631579,0,30.1,87.4
249,Andre Williams,2014,22.0,3.3225806451612905,63.24324324324324,7,145.1,35.4
250,Andre Williams,2015,23.0,2.9204545454545454,2.3333333333333335,1,35.4,8.7
251,Andre Williams,2016,1.5,4.833333333333333,0.0,0,8.7,2.5
284,Andy Janovich,2016,15.8125,8.25,31.428571428571427,1,18.7,14.7
285,Andy Janovich,2017,24.0,2.0,23.333333333333332,1,14.7,25.7
287,Andy Janovich,2019,11.375,1.0,42.0,1,15.3,3.7
288,Andy Janovich,2020,23.625,2.0,5.2,0,3.7,11.9
293,Anthony Dixon,2013,26.0,2.0,30.0,2,23.6,68.1
294,Anthony Dixon,2014,27.0,4.114285714285714,43.55555555555556,2,68.1,20.8
305,Anthony McFarland Jr.,2020,15.125,3.4242424242424243,36.0,0,22.7,2.4
306,Anthony McFarland Jr.,2021,2.7058823529411766,1.0,11.0,0,2.4,6.1
307,Anthony McFarland Jr.,2022,1.411764705882353,5.0,11.0,0,6.1,3.1
308,Anthony McFarland Jr.,2023,4.411764705882353,0.0,11.0,0,3.1,
314,Anthony Sherman,2013,25.0,1.5,116.25,1,37.8,23.9
315,Anthony Sherman,2014,26.0,4.0,50.714285714285715,1,23.9,7.4
316,Anthony Sherman,2015,27.0,0.0,27.2,0,7.4,5.1
317,Anthony Sherman,2016,28.0,0.0,7.333333333333333,0,5.1,20.7
318,Anthony Sherman,2017,29.0,2.857142857142857,35.25,1,20.7,23.8
319,Anthony Sherman,2018,30.0,2.0,85.33333333333333,1,23.8,5.1
320,Anthony Sherman,2019,31.0,2.25,14.666666666666666,0,5.1,8.3
322,Antone Smith,2013,26.25,29.0,6.666666666666667,2,29.5,77.6
323,Antone Smith,2014,18.125,6.260869565217392,192.4,5,77.6,1.1
324,Antone Smith,2015,9.375,11.0,0.0,0,1.1,16.4
325,Antonio Andrews,2014,5.5,0.0,11.0,0,3.1,112.0
326,Antonio Andrews,2015,20.125,3.6363636363636362,126.0,3,112.0,1.5
343,Antonio Gibson,2020,19.25,4.676470588235294,202.0909090909091,11,202.2,229.1
344,Antonio Gibson,2021,21.647058823529413,4.01937984496124,237.46153846153845,10,229.1,165.9
345,Antonio Gibson,2022,21.176470588235293,3.664429530201342,279.9655172413793,5,165.9,127.4
346,Antonio Gibson,2023,23.529411764705884,4.076923076923077,316.47457627118644,3,127.4,
347,Antonio Williams,2020,1.4375,5.25,20.0,2,21.3,0.0
352,Arian Foster,2013,13.5,4.479338842975206,115.02857142857142,2,108.5,273.5
353,Arian Foster,2014,22.75,4.792307692307692,210.61016949152543,13,273.5,77.0
354,Arian Foster,2015,7.25,2.5873015873015874,178.35714285714286,3,77.0,19.3
356,Artavis Pierce,2020,7.5,5.666666666666667,0.0,1,9.4,0.0
370,Austin Ekeler,2017,22.0,5.531914893617022,215.22857142857143,5,106.9,168.8
371,Austin Ekeler,2018,20.125,5.226415094339623,297.2830188679245,6,168.8,309.0
372,Austin Ekeler,2019,24.0,4.21969696969697,845.8888888888889,11,309.0,165.3
373,Austin Ekeler,2020,15.625,4.568965517241379,334.8,3,165.3,343.8
374,Austin Ekeler,2021,24.470588235294116,4.422330097087379,481.8085106382979,20,343.8,372.7
375,Austin Ekeler,2022,27.0,4.485294117647059,608.2992125984252,18,372.7,185.4
376,Austin Ekeler,2023,23.058823529411764,3.5083798882681565,300.4864864864865,6,185.4,
385,Austin Johnson,2014,10.9375,2.75,15.0,1,11.7,14.9
386,Austin Johnson,2015,16.25,2.25,18.75,1,14.9,0.0
396,Austin Walter,2019,1.4375,0.0,0.0,0,0.0,4.0
397,Austin Walter,2020,6.0,3.0,27.0,0,4.0,19.0
398,Avery Williams,2021,20.294117647058822,0.0,0.0,0,0.0,34.0
430,Ben Tate,2013,21.875,4.259668508287293,97.14285714285714,4,145.1,76.1
431,Ben Tate,2014,17.875,3.1176470588235294,45.0,4,76.1,0.0
442,Benny Cunningham,2013,20.125,5.553191489361702,35.4,1,44.0,124.8
443,Benny Cunningham,2014,24.0,3.727272727272727,304.61538461538464,4,124.8,65.0
444,Benny Cunningham,2015,25.0,3.7837837837837838,180.55555555555554,0,65.0,35.2
445,Benny Cunningham,2016,17.875,4.809523809523809,69.33333333333333,0,35.2,56.9
446,Benny Cunningham,2017,23.625,3.2222222222222223,184.6153846153846,2,56.9,3.9
447,Benny Snell Jr.,2019,17.0625,3.9444444444444446,17.25,2,57.9,74.9
448,Benny Snell Jr.,2020,22.0,3.315315315315315,43.57142857142857,4,74.9,13.1
449,Benny Snell Jr.,2021,23.0,2.7222222222222223,6.5,0,13.1,18.7
450,Bernard Pierce,2013,22.0,2.8684210526315788,83.2,2,86.0,49.9
451,Bernard Pierce,2014,18.6875,3.935483870967742,4.333333333333333,2,49.9,4.8
452,Bijan Robinson,2023,21.0,4.5607476635514015,328.4418604651163,8,246.3,
453,Bilal Powell,2013,25.0,3.960227272727273,171.78947368421052,1,140.1,40.3
454,Bilal Powell,2014,24.375,4.2727272727272725,67.46666666666667,1,40.3,135.1
455,Bilal Powell,2015,18.5625,4.4714285714285715,289.46031746031747,3,135.1,197.0
456,Bilal Powell,2016,28.0,5.511450381679389,304.1081081081081,5,197.0,145.2
457,Bilal Powell,2017,27.1875,4.337078651685394,118.48484848484848,5,145.2,60.3
458,Bilal Powell,2018,13.125,4.2875,67.22222222222223,1,60.3,33.2
459,Bishop Sankey,2014,22.0,3.7434210526315788,104.08695652173913,2,96.2,57.2
490,Bo Scarbrough,2019,9.375,4.235955056179775,1.25,1,43.2,3.1
491,Bobby Rainey,2013,24.375,3.7733333333333334,36.31578947368421,6,110.2,111.1
492,Bobby Rainey,2014,25.3125,4.319148936170213,231.0,2,111.1,4.4
493,Bobby Rainey,2015,28.0,3.6,16.0,0,4.4,39.6
494,Bobby Rainey,2016,27.1875,3.7058823529411766,122.4,0,39.6,13.0
497,Boston Scott,2018,2.875,0.0,0.0,0,0.0,96.9
498,Boston Scott,2019,16.5,4.016393442622951,188.30769230769232,5,96.9,95.6
499,Boston Scott,2020,25.0,4.675,147.22222222222223,2,95.6,98.6
500,Boston Scott,2021,24.470588235294116,4.287356321839081,67.4375,7,98.6,46.2
501,Boston Scott,2022,23.823529411764707,4.018518518518518,12.5,3,46.2,15.8
502,Boston Scott,2023,24.705882352941178,4.3,34.666666666666664,0,15.8,
509,Branden Oliver,2014,20.125,3.6375,216.8,4,145.3,35.0
510,Branden Oliver,2015,12.0,3.4838709677419355,97.06666666666666,0,35.0,16.9
528,Brandon Bolden,2013,17.25,4.927272727272728,110.06896551724138,3,81.3,17.7
529,Brandon Bolden,2014,24.0,3.1785714285714284,2.6666666666666665,1,17.7,69.7
530,Brandon Bolden,2015,23.4375,3.2857142857142856,114.0,2,69.7,3.9
531,Brandon Bolden,2016,22.75,4.0,7.5,0,3.9,8.4
532,Brandon Bolden,2017,27.0,5.153846153846154,1.75,0,8.4,29.4
533,Brandon Bolden,2018,28.0,11.375,13.0,3,29.4,50.9
534,Brandon Bolden,2019,27.1875,4.533333333333333,90.81818181818181,4,50.9,124.1
535,Brandon Bolden,2021,31.0,5.136363636363637,338.8775510204082,3,124.1,27.3
536,Brandon Bolden,2022,30.11764705882353,3.8823529411764706,57.0,1,27.3,11.1
537,Brandon Bolden,2023,33.0,7.75,0.0,1,11.1,
575,Brandon Wilds,2016,5.75,2.7,20.0,0,6.7,1.5
580,Brandon Wilson,2017,11.5,0.0,0.0,0,0.0,0.0
581,Brandon Wilson,2018,24.0,0.0,0.0,0,0.0,6.0
582,Brandon Wilson,2019,18.75,0.0,0.0,1,6.0,6.0
583,Brandon Wilson,2020,24.375,0.0,0.0,1,6.0,0.0
595,Breece Hall,2022,8.647058823529411,5.7875,133.61290322580646,5,115.1,290.5
596,Breece Hall,2023,22.0,4.457399103139013,472.8,9,290.5,
622,Brian Hill,2017,9.625,3.3636363636363638,36.0,0,9.3,15.6
623,Brian Hill,2018,14.375,7.85,4.5,0,15.6,67.2
624,Brian Hill,2019,18.0,4.141025641025641,49.285714285714285,3,67.2,95.4
625,Brian Hill,2020,25.0,4.65,165.83333333333334,1,95.4,0.0
637,Brian Leonard,2013,29.0,3.872340425531915,140.2972972972973,0,65.1,2.5
645,Brian Robinson Jr.,2022,16.235294117647058,3.8878048780487804,45.0,3,112.7,198.1
646,Brian Robinson Jr.,2023,21.176470588235293,4.117977528089888,308.09302325581393,9,198.1,
668,Bronson Hill,2016,4.3125,5.5,0.0,0,1.1,-0.2
672,Bruce Miller,2013,22.75,1.8571428571428572,168.75,0,50.6,47.8
673,Bruce Miller,2014,27.0,1.5,136.08,2,47.8,30.9
674,Bruce Miller,2015,28.0,2.3333333333333335,96.42857142857143,1,30.9,1.2
680,Bryce Brown,2013,22.0,4.1866666666666665,51.69230769230769,2,61.8,44.2
681,Bryce Brown,2014,10.0625,3.5,112.64,0,44.2,13.2
689,Buddy Howell,2018,20.625,0.0,0.0,0,0.0,1.0
690,Buddy Howell,2019,23.0,2.0,0.0,0,1.0,7.7
691,Buddy Howell,2020,21.0,4.0,1.5,0,7.7,1.1
692,Byron Marshall,2016,4.125,3.3684210526315788,6.0,0,10.4,12.8
693,Byron Marshall,2017,5.75,3.5555555555555554,27.0,0,12.8,7.9
699,C.J. Anderson,2013,6.875,5.428571428571429,0.0,0,3.8,211.3
700,C.J. Anderson,2014,21.5625,4.743016759776537,250.36363636363637,10,211.3,141.3
701,C.J. Anderson,2015,22.5,4.7368421052631575,127.08333333333333,5,141.3,102.5
702,C.J. Anderson,2016,10.9375,3.9727272727272727,85.33333333333333,5,102.5,175.1
703,C.J. Anderson,2017,26.0,4.110204081632653,156.8,4,175.1,67.4
704,C.J. Anderson,2018,18.5625,6.014925373134329,22.77777777777778,3,67.4,4.3
724,C.J. Prosise,2016,8.25,5.733333333333333,186.10526315789474,1,61.0,17.0
725,C.J. Prosise,2017,7.1875,2.090909090909091,47.45454545454545,0,17.0,4.9
726,C.J. Prosise,2018,7.5,-3.0,22.0,0,4.9,28.8
727,C.J. Prosise,2019,14.0625,3.130434782608696,63.333333333333336,1,28.8,12.7
728,C.J. Spiller,2013,24.375,4.618811881188119,148.90243902439025,2,154.8,71.5
729,C.J. Spiller,2014,15.1875,3.8461538461538463,107.95454545454545,2,71.5,81.1
730,C.J. Spiller,2015,22.75,3.111111111111111,184.6818181818182,2,81.1,18.8
731,C.J. Spiller,2016,10.875,3.0,23.076923076923077,1,18.8,0.0
752,Cam Akers,2020,17.0625,4.310344827586207,96.64285714285714,3,101.8,4.3
753,Cam Akers,2021,1.2941176470588236,0.6,10.0,0,4.3,141.3
754,Cam Akers,2022,20.294117647058822,4.180851063829787,84.5,7,141.3,46.7
755,Cam Akers,2023,9.882352941176471,2.783333333333333,64.16666666666667,2,46.7,
768,Cameron Artis-Payne,2015,10.9375,4.066666666666666,58.0,1,35.1,28.5
769,Cameron Artis-Payne,2016,4.875,4.0,11.0,2,28.5,16.7
770,Cameron Artis-Payne,2017,21.9375,5.277777777777778,2.0,1,16.7,17.4
783,Carlos Hyde,2014,21.0,4.0120481927710845,51.0,4,74.1,81.3
784,Carlos Hyde,2015,10.9375,4.086956521739131,38.86666666666667,3,81.3,192.1
785,Carlos Hyde,2016,21.125,4.552995391705069,133.36363636363637,9,192.1,233.8
786,Carlos Hyde,2017,27.0,3.908333333333333,234.6590909090909,8,233.8,98.4
787,Carlos Hyde,2018,24.5,3.3197674418604652,20.625,5,98.4,153.2
788,Carlos Hyde,2019,29.0,4.36734693877551,26.25,6,153.2,84.9
789,Carlos Hyde,2020,18.75,4.395061728395062,74.4,4,84.9,45.8
816,Cedric Peerman,2013,27.0,2.125,0.0,0,1.7,10.0
817,Cedric Peerman,2014,28.0,2.8666666666666667,16.2,0,10.0,0.0
818,Cedric Peerman,2015,29.0,0.0,0.0,0,0.0,1.5
845,Chandler Cox,2019,18.6875,0.0,0.0,0,0.0,2.9
846,Charcandrick West,2014,8.625,0.0,0.0,0,0.0,132.8
847,Charcandrick West,2015,22.5,3.9625,125.88235294117646,5,132.8,94.1
848,Charcandrick West,2016,23.4375,3.3295454545454546,154.8235294117647,3,94.1,73.2
849,Charcandrick West,2017,21.125,4.0,119.11764705882354,4,73.2,11.6
858,Charles Sims,2014,12.0,2.803030303030303,133.7037037037037,1,60.5,180.0
859,Charles Sims,2015,25.0,4.94392523364486,408.72857142857146,4,180.0,67.9
860,Charles Sims,2016,11.375,2.9215686274509802,142.5,2,67.9,73.4
873,Chase Brown,2023,16.235294117647058,4.068181818181818,145.6,1,53.5,
890,Chase Edmonds,2018,22.0,3.466666666666667,89.56521739130434,2,63.1,82.8
891,Chase Edmonds,2019,18.6875,5.05,60.0,5,82.8,168.0
892,Chase Edmonds,2020,24.0,4.618556701030927,318.0,5,168.0,143.3
893,Chase Edmonds,2021,17.647058823529413,5.103448275862069,252.32075471698113,2,143.3,74.2
894,Chase Edmonds,2022,19.88235294117647,3.6029411764705883,104.66666666666667,3,74.2,39.7
895,Chase Edmonds,2023,20.647058823529413,3.5918367346938775,66.70588235294117,0,39.7,
897,Chase Reynolds,2013,26.0,0.0,0.0,0,0.0,0.0
898,Chase Reynolds,2014,25.3125,0.0,0.0,0,0.0,0.0
899,Chase Reynolds,2015,21.0,0.0,0.0,0,0.0,1.4
908,Chris Brooks,2023,12.176470588235293,5.578947368421052,0.0,0,10.6,
909,Chris Carson,2017,5.75,4.244897959183674,51.625,1,39.7,201.4
910,Chris Carson,2018,21.0,4.659919028340081,135.83333333333334,9,201.4,232.6
911,Chris Carson,2019,23.4375,4.424460431654676,209.40425531914894,9,232.6,187.8
912,Chris Carson,2020,19.5,4.829787234042553,230.84782608695653,9,187.8,48.1
923,Chris Evans,2021,19.764705882352942,4.529411764705882,133.23529411764707,2,49.8,12.8
924,Chris Evans,2022,17.647058823529413,0.0,28.5,1,12.8,2.1
925,Chris Evans,2023,12.235294117647058,6.0,-1.0,0,2.1,
950,Chris Ivory,2013,23.4375,4.576923076923077,2.857142857142857,3,104.3,152.4
951,Chris Ivory,2014,26.0,4.146464646464646,82.0,7,152.4,202.7
952,Chris Ivory,2015,25.3125,4.331983805668016,175.94594594594594,8,202.7,94.5
953,Chris Ivory,2016,19.25,3.752136752136752,132.85714285714286,3,94.5,84.7
954,Chris Ivory,2017,25.375,3.4107142857142856,131.25,2,84.7,78.0
955,Chris Johnson,2013,28.0,3.860215053763441,278.65384615384613,10,240.2,115.4
956,Chris Johnson,2014,29.0,4.27741935483871,106.58823529411765,2,115.4,107.2
957,Chris Johnson,2015,20.625,4.153061224489796,26.76923076923077,3,107.2,15.5
958,Chris Johnson,2016,7.75,3.8,0.0,1,15.5,20.7
980,Chris Ogbonnaya,2013,27.0,4.8979591836734695,222.48648648648648,2,114.3,11.0
985,Chris Polk,2013,22.5,8.909090909090908,48.8,3,37.9,50.8
986,Chris Polk,2014,21.875,3.739130434782609,10.666666666666666,5,50.8,72.3
987,Chris Rodriguez,2023,17.58823529411765,4.8431372549019605,12.0,2,37.9,
990,Chris Thompson,2013,5.75,0.0,0.0,0,0.0,15.9
991,Chris Thompson,2014,3.0,4.0,23.142857142857142,1,15.9,92.6
992,Chris Thompson,2015,20.3125,6.171428571428572,175.0,2,92.6,147.5
993,Chris Thompson,2016,26.0,5.235294117647059,275.8225806451613,5,147.5,151.4
994,Chris Thompson,2017,16.875,4.59375,368.3333333333333,6,151.4,13.4
996,Chris Thompson,2018,17.5,4.1395348837209305,199.78181818181818,1,91.6,93.6
997,Chris Thompson,2019,19.9375,3.72972972972973,273.7241379310345,0,93.6,42.6
1006,Christian McCaffrey,2017,21.0,3.717948717948718,460.88495575221236,7,228.6,385.5
1007,Christian McCaffrey,2018,22.0,5.013698630136986,748.1370967741935,13,385.5,471.2
1008,Christian McCaffrey,2019,23.0,4.832752613240418,820.9859154929577,19,471.2,90.4
1009,Christian McCaffrey,2020,4.5,3.8135593220338984,133.31578947368422,6,90.4,127.5
1010,Christian McCaffrey,2021,10.294117647058824,4.4646464646464645,309.5365853658537,2,127.5,356.4
1011,Christian McCaffrey,2022,26.0,4.668032786885246,583.1944444444445,13,356.4,391.3
1012,Christian McCaffrey,2023,25.41176470588235,5.363970588235294,455.27710843373495,21,391.3,
1016,Christine Michael,2013,5.75,4.388888888888889,0.0,0,7.9,19.7
1017,Christine Michael,2014,15.0,5.147058823529412,6.0,0,19.7,28.9
1018,Christine Michael,2015,12.5,4.5,8.0,0,28.9,137.0
1019,Christine Michael,2016,24.375,3.939189189189189,81.17241379310344,8,137.0,0.9
1020,Chuba Hubbard,2021,22.0,3.558139534883721,117.56756756756756,6,137.6,87.7
1021,Chuba Hubbard,2022,20.294117647058822,4.905263157894737,140.8235294117647,2,87.7,182.5
1022,Chuba Hubbard,2023,24.0,3.7899159663865545,206.52272727272728,5,182.5,
1023,Cierre Wood,2013,6.875,3.0,0.0,0,0.9,0.0
1024,Cierre Wood,2013,2.75,0.0,0.0,0,0.0,0.7
1033,Clyde Edwards-Helaire,2020,17.0625,4.43646408839779,198.0,5,176.0,117.6
1034,Clyde Edwards-Helaire,2021,12.941176470588236,4.34453781512605,106.56521739130434,6,117.6,98.3
1035,Clyde Edwards-Helaire,2022,13.529411764705882,4.253521126760563,111.6086956521739,6,98.3,70.1
1036,Clyde Edwards-Helaire,2023,21.176470588235293,3.1857142857142855,145.27272727272728,2,70.1,
1120,Cordarrelle Patterson,2021,28.235294117647058,4.03921568627451,412.9855072463768,11,234.6,154.7
1121,Cordarrelle Patterson,2022,23.705882352941178,4.826388888888889,82.64516129032258,9,154.7,36.9
1122,Cordarrelle Patterson,2023,26.352941176470587,3.62,28.5,1,36.9,
1125,Corey Clement,2017,23.0,4.337837837837838,82.0,6,92.4,81.1
1126,Corey Clement,2018,16.5,3.8088235294117645,168.96,2,81.1,-4.0
1127,Corey Clement,2019,6.25,0.0,0.0,0,-4.0,21.0
1128,Corey Clement,2020,24.375,3.5714285714285716,20.833333333333332,1,21.0,28.9
1129,Corey Clement,2021,27.0,4.242424242424242,24.857142857142858,1,28.9,21.9
1130,Corey Clement,2022,14.823529411764707,3.6666666666666665,38.57142857142857,1,21.9,0.0
1131,Corey Clement,2023,5.117647058823529,0.0,0.0,0,0.0,
1140,Corey Grant,2015,9.0,0.3333333333333333,8.666666666666666,0,1.5,35.9
1141,Corey Grant,2016,17.1875,5.125,20.0,2,35.9,41.9
1142,Corey Grant,2017,26.0,8.266666666666667,30.75,2,41.9,19.7
1143,Cory Harkey,2013,21.5625,0.0,81.61111111111111,2,36.3,21.5
1144,Cory Harkey,2014,24.0,0.0,40.0,1,21.5,7.6
1145,Cory Harkey,2015,25.0,0.0,21.666666666666668,0,7.6,0.0
1152,Craig Reynolds,2019,4.3125,0.0,0.0,0,0.0,1.7
1153,Craig Reynolds,2020,3.0,4.0,3.0,0,1.7,35.2
1154,Craig Reynolds,2021,7.352941176470588,4.181818181818182,45.5,0,35.2,30.8
1155,Craig Reynolds,2022,13.764705882352942,4.434782608695652,104.4,0,30.8,29.6
1156,Craig Reynolds,2023,27.0,4.365853658536586,47.0,1,29.6,
1161,Cullen Gillaspia,2019,24.0,0.0,0.0,0,0.0,1.6
1162,Cullen Gillaspia,2020,10.9375,0.0,6.0,0,1.6,0.0
1172,Cyrus Gray,2013,24.0,2.6666666666666665,32.2,0,14.0,9.1
1173,D'Andre Swift,2020,17.0625,4.5701754385964914,288.10526315789474,10,189.8,208.9
1174,D'Andre Swift,2021,16.823529411764707,4.086092715231788,359.28205128205127,7,208.9,191.1
1175,D'Andre Swift,2022,18.941176470588236,5.474747474747475,266.74285714285713,8,191.1,199.3
1176,D'Andre Swift,2023,22.58823529411765,4.580786026200873,170.3265306122449,6,199.3,
1177,D'Ernest Johnson,2019,23.0,5.25,60.857142857142854,0,15.2,21.0
1178,D'Ernest Johnson,2020,24.0,5.03030303030303,10.5,0,21.0,104.1
1179,D'Ernest Johnson,2021,25.0,5.34,104.12,3,104.1,5.4
1180,D'Ernest Johnson,2022,22.941176470588236,4.25,7.0,0,5.4,34.8
1181,D'Ernest Johnson,2023,27.0,2.6341463414634148,116.66666666666667,0,34.8,
1182,D'Onta Foreman,2017,13.125,4.1923076923076925,62.25,2,57.0,10.7
1183,D'Onta Foreman,2018,1.375,-0.14285714285714285,28.0,1,10.7,17.0
1184,D'Onta Foreman,2020,9.0,4.318181818181818,5.0,1,17.0,93.9
1185,D'Onta Foreman,2021,13.235294117647058,4.2556390977443606,100.63636363636364,3,93.9,131.0
1186,D'Onta Foreman,2022,26.0,4.502463054187192,14.444444444444445,5,131.0,91.2
1187,D'Onta Foreman,2023,14.294117647058824,3.8990825688073394,52.9375,5,91.2,
1241,Dalvin Cook,2017,5.5,4.783783783783784,61.875,2,65.4,152.0
1242,Dalvin Cook,2018,15.8125,4.62406015037594,248.9795918367347,4,152.0,292.4
1243,Dalvin Cook,2019,21.0,4.54,436.6190476190476,13,292.4,337.8
1244,Dalvin Cook,2020,21.875,4.990384615384615,294.14814814814815,17,337.8,206.3
1245,Dalvin Cook,2021,19.88235294117647,4.6546184738955825,155.42857142857142,6,206.3,237.8
1246,Dalvin Cook,2022,27.0,4.443181818181818,205.44642857142858,10,237.8,40.2
1247,Dalvin Cook,2023,24.705882352941178,3.1940298507462686,58.5,0,40.2,
1248,Dalyn Dawkins,2018,3.0,0.0,0.0,0,0.0,2.6
1251,Dameon Pierce,2022,16.823529411764707,4.2681818181818185,126.92307692307692,5,166.4,82.7
1252,Dameon Pierce,2023,18.941176470588236,2.8689655172413793,77.23529411764706,3,82.7,
1254,Damien Harris,2019,2.75,3.0,0.0,0,1.2,91.3
1255,Damien Harris,2020,14.375,5.043795620437956,37.142857142857146,2,91.3,210.1
1256,Damien Harris,2021,21.176470588235293,4.599009900990099,113.14285714285714,15,210.1,90.9
1257,Damien Harris,2022,16.176470588235293,4.3584905660377355,71.69565217391305,3,90.9,19.0
1258,Damien Harris,2023,9.176470588235293,4.086956521739131,16.0,1,19.0,
1259,Damien Williams,2014,22.0,3.388888888888889,145.44444444444446,1,57.9,45.1
1260,Damien Williams,2015,23.0,3.6875,106.5,1,45.1,93.4
1261,Damien Williams,2016,22.5,3.2857142857142856,178.96875,6,93.4,59.6
1262,Damien Williams,2017,17.1875,3.9347826086956523,110.71428571428571,1,59.6,98.6
1263,Damien Williams,2018,26.0,5.12,153.33333333333334,6,98.6,141.1
1264,Damien Williams,2019,18.5625,4.486486486486487,172.7027027027027,7,141.1,60.7
1265,Damien Williams,2021,20.470588235294116,4.1,71.65217391304348,3,60.7,0.2
1266,Damien Williams,2022,1.7647058823529411,1.0,0.0,0,0.2,7.5
1267,Damien Williams,2023,5.470588235294118,3.909090909090909,12.0,0,7.5,
1286,Dan Herron,2013,9.0,6.6,57.0,0,10.0,75.4
1287,Dan Herron,2014,25.0,4.5,139.73076923076923,1,75.4,21.6
1305,Daniel Lasco,2016,10.5,2.909090909090909,5.5,0,6.3,0.0
1306,Daniel Thomas,2013,24.375,3.7247706422018347,55.588235294117645,6,97.9,53.9
1317,Danny Vitale,2018,7.8125,0.0,1.0,0,1.2,17.0
1318,Danny Woodhead,2013,28.0,4.047169811320755,522.5,8,223.4,12.2
1319,Danny Woodhead,2014,5.4375,2.533333333333333,28.333333333333332,0,12.2,243.1
1320,Danny Woodhead,2015,30.0,3.4285714285714284,569.811320754717,9,243.1,27.1
1321,Danny Woodhead,2016,3.875,6.105263157894737,26.25,1,27.1,58.6
1327,Dare Ogunbowale,2017,2.875,0.0,0.0,0,0.0,0.0
1328,Dare Ogunbowale,2018,3.0,0.0,0.0,0,0.0,75.3
1329,Dare Ogunbowale,2019,25.0,1.5454545454545454,217.6086956521739,2,75.3,29.9
1330,Dare Ogunbowale,2020,22.75,4.53125,27.0,0,29.9,50.1
1331,Dare Ogunbowale,2021,27.0,3.186046511627907,70.57142857142857,2,50.1,48.7
1332,Dare Ogunbowale,2022,28.0,2.9285714285714284,80.0,1,48.7,10.3
1333,Dare Ogunbowale,2023,20.470588235294116,4.375,5.142857142857143,0,10.3,
1349,Darrel Williams,2018,8.625,3.3846153846153846,27.0,1,16.1,67.8
1350,Darrel Williams,2019,18.0,3.4390243902439024,131.8421052631579,4,67.8,54.5
1351,Darrel Williams,2020,25.0,4.333333333333333,80.3076923076923,1,54.5,196.0
1352,Darrel Williams,2021,26.0,3.875,372.70175438596493,8,196.0,21.1
1353,Darrel Young,2013,21.125,3.4166666666666665,31.555555555555557,4,39.2,51.3
1360,Darrell Henderson,2019,17.875,3.769230769230769,24.666666666666668,0,22.4,130.3
1361,Darrell Henderson,2020,21.5625,4.521739130434782,106.0,6,130.3,163.4
1362,Darrell Henderson,2021,16.941176470588236,4.617449664429531,127.6,8,163.4,73.5
1363,Darrell Henderson,2022,14.705882352941176,4.042857142857143,78.81818181818181,3,73.5,43.5
1364,Darrell Henderson,2023,6.117647058823529,2.4347826086956523,73.57142857142857,2,43.5,
1372,Darren McFadden,2013,16.25,3.324561403508772,73.44,5,98.3,120.6
1373,Darren McFadden,2014,27.0,3.445161290322581,136.28571428571428,2,120.6,195.7
1374,Darren McFadden,2015,28.0,4.556485355648536,247.54716981132074,3,195.7,13.4
1375,Darren McFadden,2016,5.4375,3.625,10.2,0,13.4,-0.2
1376,Darren Sproles,2013,28.125,4.150943396226415,481.8426966292135,4,173.4,157.6
1377,Darren Sproles,2014,29.0625,5.771929824561403,249.67741935483872,8,157.6,161.5
1378,Darren Sproles,2015,32.0,3.819277108433735,257.10843373493975,6,161.5,162.5
1379,Darren Sproles,2016,30.9375,4.659574468085107,312.7323943661972,4,162.5,18.4
1380,Darren Sproles,2017,6.375,4.066666666666666,42.583333333333336,0,18.4,61.0
1381,Darren Sproles,2018,13.125,4.137931034482759,104.34782608695652,3,61.0,17.0
1396,Darrynton Evans,2020,6.875,3.857142857142857,13.5,1,16.1,3.8
1397,Darrynton Evans,2021,1.3529411764705883,3.5,11.0,0,3.8,10.7
1398,Darrynton Evans,2022,8.470588235294118,4.571428571428571,33.0,0,10.7,30.0
1399,Darrynton Evans,2023,10.294117647058824,3.78125,28.583333333333332,1,30.0,
1401,Darwin Thompson,2019,16.5,3.4594594594594597,38.7,1,32.1,33.2
1402,Daryl Richardson,2013,11.5,3.1159420289855073,94.11111111111111,0,47.6,0.7
1422,David Fluellen,2017,25.0,5.25,0.0,0,2.1,1.6
1423,David Fluellen,2018,11.375,4.0,0.0,0,1.6,0.0
1426,David Johnson,2015,24.0,4.648,288.63157894736844,13,215.8,-0.2
1428,David Johnson,2016,25.0,4.228668941979522,586.0,20,407.8,17.0
1430,David Johnson,2017,1.625,2.090909090909091,44.666666666666664,0,13.0,246.6
1431,David Johnson,2018,27.0,3.643410852713178,293.42105263157896,10,246.6,141.5
1432,David Johnson,2019,22.75,3.6702127659574466,283.40425531914894,6,141.5,179.5
1433,David Johnson,2020,21.75,4.700680272108843,225.2608695652174,8,179.5,81.3
1434,David Johnson,2021,22.941176470588236,3.4029850746268657,171.42857142857142,1,81.3,9.1
1435,David Montgomery,2019,22.0,3.6735537190082646,132.14285714285714,7,170.4,264.8
1436,David Montgomery,2020,21.5625,4.331983805668016,347.8235294117647,10,264.8,195.0
1437,David Montgomery,2021,18.352941176470587,3.7733333333333334,247.88235294117646,7,195.0,177.7
1438,David Montgomery,2022,23.529411764705884,3.985074626865672,268.6,6,177.7,207.2
1439,David Montgomery,2023,21.41176470588235,4.634703196347032,78.0,13,207.2,
1473,De'Angelo Henderson,2017,7.8125,1.8571428571428572,36.0,1,12.9,-0.1
1474,De'Anthony Thomas,2014,15.75,8.071428571428571,115.74193548387096,2,61.9,44.4
1475,De'Anthony Thomas,2015,13.75,3.7777777777777777,95.2,2,44.4,13.4
1476,De'Anthony Thomas,2016,17.25,7.25,27.22222222222222,0,13.4,40.7
1477,De'Anthony Thomas,2017,24.0,4.0,125.125,2,40.7,12.5
1478,De'Anthony Thomas,2018,7.8125,6.0,17.4,1,12.5,2.1
1479,De'Lance Turner,2018,5.75,4.0,17.0,0,4.1,0.6
1480,De'Von Achane,2023,14.235294117647058,7.766990291262136,143.75675675675674,11,190.7,
1498,DeAndre Washington,2016,20.125,5.367816091954023,85.0,2,85.2,85.0
1499,DeAndre Washington,2017,22.5,2.6842105263157894,148.84444444444443,3,85.0,11.4
1500,DeAndre Washington,2018,15.625,3.8333333333333335,9.0,0,11.4,121.9
1501,DeAndre Washington,2019,26.0,3.5833333333333335,256.390243902439,3,121.9,17.1
1504,DeAngelo Williams,2013,28.125,4.1940298507462686,240.5,4,163.6,29.3
1505,DeAngelo Williams,2014,11.625,3.532258064516129,36.666666666666664,0,29.3,231.4
1506,DeAngelo Williams,2015,32.0,4.535,312.3404255319149,11,231.4,100.1
1507,DeMarco Murray,2013,21.875,5.1658986175115205,281.06060606060606,10,258.1,351.1
1508,DeMarco Murray,2014,26.0,4.706632653061225,370.5,13,351.1,184.4
1509,DeMarco Murray,2015,25.3125,3.6373056994818653,257.6,7,184.4,293.8
1510,DeMarco Murray,2016,28.0,4.392491467576792,298.2238805970149,12,293.8,171.5
1542,DeeJay Dallas,2020,16.5,3.176470588235294,94.35,3,56.9,60.1
1543,DeeJay Dallas,2021,23.0,4.181818181818182,121.43478260869566,2,60.1,46.2
1544,DeeJay Dallas,2022,21.176470588235293,5.314285714285714,112.73684210526316,0,46.2,8.2
1545,DeeJay Dallas,2023,25.0,3.6,17.333333333333332,0,8.2,
1572,Demetric Felton,2021,21.647058823529413,3.4285714285714284,155.14285714285714,2,50.5,2.4
1581,Denard Robinson,2014,19.5,4.311111111111111,92.0,4,113.6,68.0
1585,Deneric Prince,2023,2.7058823529411766,0.0,0.0,0,0.0,
1591,Deon Jackson,2021,11.647058823529411,2.3846153846153846,0.0,1,9.1,84.5
1592,Deon Jackson,2022,21.647058823529413,3.4705882352941178,184.41176470588235,2,84.5,4.0
1593,Deon Jackson,2023,5.647058823529412,1.1428571428571428,11.666666666666666,0,4.0,
1632,Derek Watt,2016,24.0,2.0,83.0,0,12.7,7.9
1633,Derek Watt,2017,25.0,4.0,23.333333333333332,0,7.9,2.3
1635,Derek Watt,2019,27.0,1.4285714285714286,19.2,1,13.2,0.0
1639,Derrick Coleman,2013,17.25,1.5,62.0,1,20.5,10.9
1640,Derrick Coleman,2014,7.5,0.0,29.0,1,10.9,4.2
1641,Derrick Coleman,2015,21.875,4.0,0.0,0,4.2,4.8
1643,Derrick Gore,2021,17.470588235294116,5.019607843137255,93.33333333333333,2,56.1,2.6
1644,Derrick Gore,2023,10.235294117647058,8.666666666666666,0.0,0,2.6,
1645,Derrick Henry,2016,20.625,4.454545454545454,118.73333333333333,5,105.7,135.0
1646,Derrick Henry,2017,23.0,4.2272727272727275,88.0,6,135.0,201.4
1647,Derrick Henry,2018,24.0,4.925581395348837,82.5,12,201.4,294.6
1648,Derrick Henry,2019,23.4375,5.082508250825082,154.5,18,294.6,333.1
1649,Derrick Henry,2020,26.0,5.362433862433862,69.87096774193549,17,333.1,193.3
1650,Derrick Henry,2021,12.705882352941176,4.2785388127853885,138.6,10,193.3,302.8
1651,Derrick Henry,2022,26.352941176470587,4.406876790830945,320.3414634146341,13,302.8,246.7
1652,Derrick Henry,2023,29.0,4.167857142857143,166.44444444444446,12,246.7,
1662,Deuce Vaughn,2023,9.058823529411764,1.7391304347826086,40.0,0,15.0,
1675,Devin Singletary,2019,16.5,5.132450331125828,137.21951219512195,4,147.9,143.6
1676,Devin Singletary,2020,23.0,4.403846153846154,204.44,2,143.6,197.8
1677,Devin Singletary,2021,24.0,4.627659574468085,182.4,8,197.8,177.9
1678,Devin Singletary,2022,23.529411764705884,4.627118644067797,204.6153846153846,6,177.9,167.3
1679,Devin Singletary,2023,26.0,4.157407407407407,152.3684210526316,4,167.3,
1685,Devine Ozigbo,2019,14.375,3.0,13.8,0,8.0,13.3
1686,Devine Ozigbo,2020,12.0,1.0,42.0,0,13.3,1.4
1687,Devine Ozigbo,2021,4.411764705882353,-3.0,7.0,0,1.4,1.7
1688,Devine Ozigbo,2022,6.117647058823529,1.3333333333333333,3.0,0,1.7,2.3
1689,Devine Ozigbo,2023,4.764705882352941,1.6666666666666667,8.0,0,2.3,
1691,Devonta Freeman,2014,22.0,3.8153846153846156,182.43243243243242,2,87.3,316.4
1692,Devonta Freeman,2015,21.5625,3.9849056603773585,434.9896907216495,14,316.4,284.1
1693,Devonta Freeman,2016,24.0,4.753303964757709,383.81538461538463,13,284.1,200.2
1694,Devonta Freeman,2017,21.875,4.413265306122449,242.80851063829786,8,200.2,14.1
1695,Devonta Freeman,2018,3.25,4.857142857142857,16.428571428571427,0,14.1,197.6
1696,Devonta Freeman,2019,23.625,3.5652173913043477,345.57142857142856,6,197.6,36.0
1697,Devonta Freeman,2020,8.75,3.185185185185185,40.6,1,36.0,146.6
1698,Devontae Booker,2016,24.0,3.5172413793103448,182.55555555555554,5,142.7,91.4
1699,Devontae Booker,2017,20.3125,3.7848101265822787,217.10526315789474,1,91.4,87.8
1700,Devontae Booker,2018,26.0,5.382352941176471,204.90196078431373,1,87.8,12.6
1701,Devontae Booker,2019,27.0,4.5,38.0,0,12.6,85.7
1702,Devontae Booker,2020,28.0,4.548387096774194,68.0,3,85.7,144.1
1706,Dexter Williams,2019,5.5,2.2,0.0,0,1.1,0.8
1718,Dion Lewis,2015,10.9375,4.775510204081633,279.36,4,120.2,54.7
1719,Dion Lewis,2016,11.375,4.421875,66.58333333333333,0,54.7,203.0
1720,Dion Lewis,2017,27.0,4.977777777777778,195.65714285714284,10,203.0,160.7
1721,Dion Lewis,2018,28.0,3.335483870967742,352.23880597014926,2,160.7,66.3
1722,Dion Lewis,2019,29.0,3.8703703703703702,128.125,1,66.3,57.2
1738,Donald Brown,2013,26.0,5.264705882352941,165.0857142857143,8,150.1,72.4
1739,Donald Brown,2014,21.9375,2.623529411764706,149.2439024390244,0,72.4,45.7
1757,Dontrell Hilliard,2018,15.8125,0.0,94.5,0,17.5,38.1
1758,Dontrell Hilliard,2019,21.0,3.769230769230769,73.6,2,38.1,6.0
1759,Dontrell Hilliard,2020,10.9375,5.333333333333333,2.0,0,6.0,72.7
1760,Dontrell Hilliard,2021,12.235294117647058,6.25,63.57692307692308,2,72.7,77.2
1774,Doug Martin,2013,9.0,3.590551181102362,33.0,1,68.2,80.8
1775,Doug Martin,2014,17.1875,3.6865671641791047,41.6,2,80.8,232.3
1776,Doug Martin,2015,26.0,4.868055555555555,203.25,7,232.3,85.5
1777,Doug Martin,2016,13.5,2.923611111111111,117.25,3,85.5,76.0
1778,Doug Martin,2017,19.25,2.9420289855072466,42.0,3,76.0,119.9
1802,DuJuan Harris,2014,24.375,4.0,5.5,0,8.5,35.6
1803,DuJuan Harris,2015,6.75,3.9375,62.357142857142854,0,35.6,35.3
1804,Duke Johnson,2015,22.0,3.644230769230769,440.18918918918916,2,164.3,144.2
1805,Duke Johnson,2016,23.0,4.904109589041096,368.13513513513516,1,144.2,216.1
1806,Duke Johnson,2017,24.0,4.2439024390243905,551.4193548387096,7,216.1,132.0
1807,Duke Johnson,2018,25.0,5.025,325.2096774193548,3,132.0,154.0
1808,Duke Johnson,2019,26.0,4.9397590361445785,290.96774193548384,5,154.0,84.4
1809,Duke Johnson,2020,18.5625,3.051948051948052,199.2,2,84.4,59.1
1810,Duke Johnson,2021,8.235294117647058,4.647887323943662,32.8,3,59.1,0.4
1833,Dwayne Washington,2016,16.5,2.9444444444444446,41.333333333333336,1,48.7,7.8
1834,Dwayne Washington,2017,7.1875,2.2,14.0,0,7.8,15.4
1835,Dwayne Washington,2018,19.5,5.703703703703703,0.0,0,15.4,7.6
1836,Dwayne Washington,2019,25.0,7.5,6.0,0,7.6,1.5
1837,Dwayne Washington,2020,17.875,1.875,0.0,0,1.5,4.8
1838,Dwayne Washington,2021,22.235294117647058,4.0,12.0,0,4.8,5.5
1839,Dwayne Washington,2022,19.764705882352942,3.4545454545454546,7.0,0,5.5,0.0
1840,Dwayne Washington,2023,22.176470588235293,0.0,0.0,0,0.0,
1858,Eddie Lacy,2013,21.5625,4.147887323943662,204.4318181818182,11,242.5,272.6
1859,Eddie Lacy,2014,24.0,4.630081300813008,326.07272727272726,13,272.6,140.6
1860,Eddie Lacy,2015,23.4375,4.053475935828877,134.28571428571428,5,140.6,42.8
1861,Eddie Lacy,2016,8.125,5.070422535211268,16.0,0,42.8,28.6
1865,Edwin Baker,2013,4.125,3.9767441860465116,50.666666666666664,2,42.8,0.2
1876,Elijah Dotson,2023,5.647058823529412,1.5,13.0,0,3.9,
1878,Elijah McGuire,2017,23.0,3.5795454545454546,115.73076923076923,2,76.2,85.9
1879,Elijah Mitchell,2021,14.882352941176471,4.6521739130434785,130.15,6,165.0,43.6
1880,Elijah Mitchell,2022,7.0588235294117645,6.2,5.25,2,43.6,47.5
1881,Elijah Mitchell,2023,16.176470588235293,3.7466666666666666,10.5,2,47.5,
1885,Elijhaa Penny,2017,24.0,4.0,25.333333333333332,2,32.2,15.5
1886,Elijhaa Penny,2018,21.875,3.5714285714285716,44.44444444444444,0,15.5,6.8
1887,Elijhaa Penny,2019,26.0,2.6,4.5,0,6.8,5.5
1888,Elijhaa Penny,2020,23.625,2.5,13.333333333333334,0,5.5,35.9
1889,Emanuel Wilson,2023,9.882352941176471,6.071428571428571,18.4,0,14.8,
1890,Emari Demercado,2023,19.764705882352942,4.896551724137931,83.3,2,73.3,
1899,Eno Benjamin,2021,11.647058823529411,3.4705882352941178,36.0,1,28.0,89.6
1916,Eric Gray,2023,18.352941176470587,2.823529411764706,18.857142857142858,0,13.0,
1950,Evan Hull,2023,1.3529411764705883,1.0,6.0,0,1.7,
1952,Ezekiel Elliott,2016,19.6875,5.065217391304348,297.84615384615387,16,325.4,203.2
1953,Ezekiel Elliott,2017,13.75,4.06198347107438,184.05263157894737,9,203.2,329.1
1954,Ezekiel Elliott,2018,21.5625,4.717105263157895,459.5684210526316,9,329.1,311.7
1955,Ezekiel Elliott,2019,24.0,4.5083056478405314,319.4366197183099,14,311.7,223.7
1956,Ezekiel Elliott,2020,23.4375,4.012295081967213,247.54929577464787,8,223.7,252.1
1957,Ezekiel Elliott,2021,26.0,4.227848101265823,207.52307692307693,12,252.1,185.8
1958,Ezekiel Elliott,2022,23.823529411764707,3.792207792207792,68.0,12,185.8,174.5
1959,Ezekiel Elliott,2023,28.0,3.489130434782609,245.58461538461538,5,174.5,
1961,Fitzgerald Toussaint,2014,6.0,2.0,13.5,0,6.9,6.2
1962,Fitzgerald Toussaint,2015,7.8125,2.3333333333333335,0.0,0,6.2,12.1
1963,Fitzgerald Toussaint,2016,26.0,4.142857142857143,33.0,0,12.1,5.4
1969,Fozzy Whittaker,2013,21.0,2.8214285714285716,90.41666666666667,2,56.4,37.5
1970,Fozzy Whittaker,2014,15.625,4.53125,50.0,2,37.5,35.2
1971,Fozzy Whittaker,2015,24.375,4.32,51.2,1,35.2,72.1
1972,Fozzy Whittaker,2016,27.0,4.649122807017544,171.21212121212122,0,72.1,17.5
1976,Frank Gore,2013,30.0,4.086956521739131,83.55555555555556,9,190.9,158.7
1977,Frank Gore,2014,31.0,4.337254901960784,64.26315789473684,5,158.7,193.4
1978,Frank Gore,2015,32.0,3.7192307692307693,156.51724137931035,7,193.4,214.2
1979,Frank Gore,2016,33.0,3.897338403041825,223.95744680851064,8,214.2,173.6
1980,Frank Gore,2017,34.0,3.681992337164751,186.97368421052633,4,173.6,102.6
1981,Frank Gore,2018,30.625,4.628205128205129,93.0,1,102.6,94.9
1982,Frank Gore,2019,36.0,3.608433734939759,81.25,2,94.9,100.2
1983,Frank Summers,2013,26.25,3.8333333333333335,69.125,2,31.5,13.6
1986,Fred Jackson,2013,32.0,4.320388349514563,279.83076923076925,10,234.7,188.6
1987,Fred Jackson,2014,28.875,3.723404255319149,367.4,3,188.6,77.7
2025,Gary Brightwell,2021,16.823529411764707,4.0,6.0,0,2.0,29.0
2026,Gary Brightwell,2022,23.0,4.548387096774194,24.375,1,29.0,11.6
2027,Gary Brightwell,2023,9.882352941176471,2.111111111111111,33.57142857142857,0,11.6,
2053,George Atkinson,2014,6.875,0.0,0.0,0,0.0,9.4
2063,George Winn,2014,18.0,3.8421052631578947,0.0,0,7.3,0.1
2079,Giovani Bernard,2013,22.0,4.088235294117647,405.40845070422534,8,222.9,187.9
2080,Giovani Bernard,2014,18.6875,4.0476190476190474,254.35593220338984,7,187.9,181.2
2081,Giovani Bernard,2015,24.0,4.740259740259741,350.42424242424244,2,181.2,122.3
2082,Giovani Bernard,2016,15.625,3.7032967032967035,256.94117647058823,3,122.3,151.7
2083,Giovani Bernard,2017,26.0,4.3619047619047615,278.78333333333336,4,151.7,95.9
2084,Giovani Bernard,2018,20.25,3.767857142857143,158.95833333333334,3,95.9,68.4
2085,Giovani Bernard,2019,28.0,3.207547169811321,163.25581395348837,0,68.4,158.1
2086,Giovani Bernard,2020,29.0,3.3548387096774195,282.79661016949154,6,158.1,59.1
2087,Giovani Bernard,2021,21.176470588235293,7.25,97.55172413793103,3,59.1,4.7
2091,Glenn Winston,2014,7.8125,0.0,0.0,0,0.0,-2.8
2092,Godwin Igwebuike,2021,27.0,6.555555555555555,42.0,1,26.8,1.7
2093,Godwin Igwebuike,2022,8.235294117647058,1.3333333333333333,3.0,0,1.7,0.0
2094,Godwin Igwebuike,2023,20.470588235294116,0.0,0.0,0,0.0,
2134,Gus Edwards,2018,15.8125,5.240875912408759,20.0,2,89.8,92.6
2135,Gus Edwards,2019,24.0,5.345864661654136,45.0,2,92.6,128.2
2136,Gus Edwards,2020,25.0,5.020833333333333,89.3076923076923,6,128.2,59.3
2137,Gus Edwards,2022,14.294117647058824,4.977011494252873,0.0,3,59.3,187.0
2138,Gus Edwards,2023,28.0,4.090909090909091,166.15384615384616,13,187.0,
2160,Henry Hynoski,2013,4.6875,0.0,2.5,0,1.5,1.3
2177,Hunter Luepke,2023,23.0,3.1666666666666665,13.5,1,12.7,
2201,Isaiah Crowell,2014,21.0,4.101351351351352,55.92857142857143,8,122.4,137.8
2202,Isaiah Crowell,2015,22.0,3.8162162162162163,157.1818181818182,5,137.8,205.1
2203,Isaiah Crowell,2016,23.0,4.808080808080808,240.75471698113208,7,205.1,143.5
2204,Isaiah Crowell,2017,24.0,4.140776699029126,121.33333333333333,2,143.5,140.7
2220,Isaiah Pead,2013,15.0,3.0,57.2,0,22.9,-1.7
2221,Isaiah Pead,2015,3.25,1.5,0.0,0,-1.7,3.8
2222,Isaiah Spiller,2022,7.411764705882353,2.2777777777777777,13.0,0,8.4,19.0
2223,Isaiah Spiller,2023,11.647058823529411,2.5945945945945947,34.0,0,19.0,
2224,Isiah Pacheco,2022,23.0,4.882352941176471,120.71428571428571,5,135.0,213.9
2225,Isiah Pacheco,2023,19.764705882352942,4.560975609756097,219.10204081632654,9,213.9,
2226,Israel Abanikanda,2023,7.411764705882353,3.1818181818181817,27.363636363636363,0,16.3,
2227,Ito Smith,2018,20.125,3.5,128.25,4,97.7,36.3
2228,Ito Smith,2019,10.5,4.818181818181818,68.35714285714286,1,36.3,57.3
2229,Ito Smith,2020,21.875,4.253968253968254,49.03846153846154,1,57.3,6.4
2234,J.D. McKissic,2020,27.0,4.294117647058823,428.3636363636364,3,191.4,127.9
2235,J.D. McKissic,2021,18.11764705882353,4.416666666666667,322.0943396226415,4,127.9,55.8
2236,J.J. Taylor,2020,8.25,4.782608695652174,2.0,0,12.4,18.5
2237,J.J. Taylor,2021,6.764705882352941,1.9473684210526316,8.0,2,18.5,2.7
2238,J.K. Dobbins,2020,20.625,6.007462686567164,90.0,9,168.5,81.2
2239,J.K. Dobbins,2022,11.294117647058824,5.6521739130434785,36.75,3,81.2,11.7
2240,J.K. Dobbins,2023,1.4705882352941178,2.75,10.0,1,11.7,
2269,Jackie Battle,2013,30.0,3.9444444444444446,28.8,1,27.8,14.7
2292,Jacquizz Rodgers,2013,21.5625,3.4583333333333335,281.46031746031747,4,141.3,80.0
2293,Jacquizz Rodgers,2014,24.0,3.7413793103448274,125.425,2,80.0,6.1
2294,Jacquizz Rodgers,2015,7.8125,2.9285714285714284,3.3333333333333335,0,6.1,90.8
2295,Jacquizz Rodgers,2016,16.25,4.341085271317829,79.625,2,90.8,46.8
2296,Jacquizz Rodgers,2017,27.0,3.8125,60.54545454545455,1,46.8,83.0
2305,Jahmyr Gibbs,2023,18.529411764705884,5.1923076923076925,231.43661971830986,11,242.1,
2312,Jake Funk,2021,13.529411764705882,2.5,0.0,0,0.5,0.0
2313,Jake Funk,2022,8.470588235294118,0.0,0.0,0,0.0,3.2
2314,Jake Funk,2023,5.882352941176471,5.0,12.0,0,3.2,
2336,Jaleel McLaughlin,2023,23.0,5.394736842105263,137.77777777777777,3,106.0,
2355,Jalen Richard,2016,23.0,5.9156626506024095,144.25641025641025,3,115.5,86.1
2356,Jalen Richard,2017,24.0,4.910714285714286,192.0,2,86.1,156.6
2357,Jalen Richard,2018,25.0,4.709090909090909,509.58024691358025,1,156.6,82.8
2358,Jalen Richard,2019,26.0,3.717948717948718,270.4186046511628,0,82.8,51.1
2359,Jalen Richard,2020,21.9375,5.590909090909091,114.0,1,51.1,23.2
2365,Jalston Fowler,2015,25.0,1.8571428571428572,36.666666666666664,2,22.7,2.7
2366,Jalston Fowler,2016,26.0,3.0,7.0,0,2.7,6.4
2367,Jamaal Charles,2013,25.3125,4.969111969111969,466.4423076923077,19,378.0,250.4
2368,Jamaal Charles,2014,26.25,5.014563106796117,197.28813559322035,14,250.4,101.1
2369,Jamaal Charles,2015,9.0625,5.126760563380282,128.17241379310346,5,101.1,13.4
2370,Jamaal Charles,2016,5.625,3.3333333333333335,9.333333333333334,1,13.4,67.5
2371,Jamaal Charles,2017,27.125,4.2898550724637685,105.96428571428571,1,67.5,3.4
2372,Jamaal Williams,2017,22.0,3.633986928104575,192.64705882352942,6,142.8,114.4
2373,Jamaal Williams,2018,23.0,3.834710743801653,138.29268292682926,3,114.4,146.3
2374,Jamaal Williams,2019,21.0,4.299065420560748,219.26666666666668,6,146.3,127.1
2375,Jamaal Williams,2020,21.875,4.243697478991597,209.02857142857144,3,127.1,119.8
2376,Jamaal Williams,2021,19.88235294117647,3.9281045751633985,145.78571428571428,3,119.8,225.9
2377,Jamaal Williams,2022,27.0,4.068702290076335,54.75,17,225.9,60.8
2378,Jamaal Williams,2023,21.41176470588235,2.8867924528301887,55.8,1,60.8,
2394,James Conner,2017,19.25,4.5,0.0,0,14.4,280.0
2395,James Conner,2018,18.6875,4.525581395348837,385.0,13,280.0,145.5
2396,James Conner,2019,15.0,4.0,224.57894736842104,7,145.5,164.6
2397,James Conner,2020,20.3125,4.266272189349112,175.0,6,164.6,257.7
2398,James Conner,2021,22.941176470588236,3.722772277227723,355.7692307692308,18,257.7,200.2
2399,James Conner,2022,20.647058823529413,4.273224043715847,237.93103448275863,8,200.2,201.5
2400,James Conner,2023,21.41176470588235,5.0,135.0,9,201.5,
2401,James Cook,2022,21.647058823529413,5.696629213483146,118.125,3,105.7,232.7
2402,James Cook,2023,24.0,4.734177215189874,362.5925925925926,6,232.7,
2425,James Robinson,2020,19.25,4.458333333333333,280.93333333333334,10,250.4,173.9
2426,James Robinson,2021,18.941176470588236,4.676829268292683,149.6086956521739,8,173.9,88.6
2427,James Robinson,2022,15.529411764705882,3.8636363636363638,40.07142857142857,5,88.6,1.0
2428,James Robinson,2023,1.4705882352941178,2.0,-2.0,0,1.0,
2429,James Starks,2013,21.9375,5.53932584269663,68.46153846153847,4,92.2,77.3
2430,James Starks,2014,28.0,3.9176470588235293,86.89655172413794,2,77.3,166.3
2431,James Starks,2015,29.0,4.0608108108108105,318.0377358490566,5,166.3,58.9
2436,James White,2014,4.125,4.222222222222222,23.0,0,11.1,122.6
2437,James White,2015,20.125,2.5454545454545454,303.7037037037037,6,122.6,161.7
2438,James White,2016,24.0,4.256410256410256,384.4186046511628,5,161.7,134.0
2439,James White,2017,21.875,3.9767441860465116,333.6666666666667,3,134.0,276.6
2440,James White,2018,26.0,4.5212765957446805,531.1951219512196,12,276.6,200.2
2441,James White,2019,25.3125,3.925373134328358,488.8421052631579,6,200.2,116.6
2442,James White,2020,24.5,3.4571428571428573,296.3709677419355,3,116.6,31.2
2458,Jamize Olawale,2016,27.0,2.764705882352941,194.57142857142858,3,57.4,19.6
2461,Jamycal Hasty,2020,12.0,3.7948717948717947,28.875,1,31.1,49.5
2462,Jamycal Hasty,2021,16.176470588235293,4.25,124.51724137931035,1,49.5,70.0
2463,Jamycal Hasty,2022,26.0,4.217391304347826,96.92307692307692,3,70.0,0.0
2464,Jamycal Hasty,2023,7.9411764705882355,0.0,0.0,0,0.0,
2485,Jaret Patterson,2021,22.0,3.911764705882353,66.36363636363636,2,55.9,7.8
2511,Jashaun Corbin,2023,8.117647058823529,1.0,12.0,0,4.3,
2519,Jason Huntley,2020,6.875,3.8,0.0,0,2.9,5.1
2536,Javonte Williams,2021,21.0,4.448275862068965,256.37735849056605,7,204.9,42.0
2537,Javonte Williams,2022,5.176470588235294,4.340425531914893,55.27272727272727,0,42.0,179.2
2538,Javonte Williams,2023,21.647058823529413,3.5668202764976957,184.75862068965517,5,179.2,
2539,Javorius Allen,2015,24.0,3.7518248175182483,256.2096774193548,3,145.7,7.9
2540,Javorius Allen,2016,12.5,3.7777777777777777,11.25,0,7.9,166.1
2541,Javorius Allen,2017,26.0,3.8627450980392157,191.66666666666666,6,166.1,93.6
2542,Javorius Allen,2018,23.625,2.682926829268293,159.53488372093022,5,93.6,11.5
2544,Jay Ajayi,2015,12.375,3.816326530612245,57.27272727272727,1,42.7,215.3
2545,Jay Ajayi,2016,21.5625,4.892307692307693,116.48571428571428,8,215.3,135.1
2546,Jay Ajayi,2017,21.0,4.197115384615385,111.52941176470588,2,135.1,43.4
2547,Jay Ajayi,2018,6.25,4.088888888888889,16.666666666666668,3,43.4,3.0
2552,Jay Prosch,2014,22.0,0.0,6.0,0,3.4,3.3
2553,Jay Prosch,2015,23.0,5.5,0.0,0,3.3,2.5
2554,Jay Prosch,2016,22.5,2.25,6.0,0,2.5,7.1
2560,Jaylen Samuels,2018,19.25,4.571428571428571,178.41379310344828,3,89.5,104.4
2561,Jaylen Samuels,2019,20.125,2.6515151515151514,251.49122807017545,2,104.4,16.4
2562,Jaylen Samuels,2020,21.0,3.111111111111111,29.571428571428573,0,16.4,5.3
2566,Jaylen Warren,2022,22.58823529411765,4.922077922077922,181.57575757575756,1,93.3,196.4
2567,Jaylen Warren,2023,25.0,5.261744966442953,305.0,4,196.4,
2589,Jeff Wilson,2018,8.625,4.03030303030303,78.4,0,44.4,46.9
2590,Jeff Wilson,2019,15.0,3.888888888888889,20.4,5,46.9,142.3
2591,Jeff Wilson,2020,18.75,4.761904761904762,61.75,10,142.3,51.5
2592,Jeff Wilson,2021,13.764705882352942,3.721518987341772,27.125,2,51.5,158.5
2593,Jeff Wilson,2022,25.41176470588235,4.886363636363637,110.0,6,158.5,41.3
2594,Jeff Wilson,2023,16.470588235294116,4.585365853658536,70.0,0,41.3,
2599,Jeremy Hill,2014,22.0,5.063063063063063,181.40625,9,210.9,170.3
2600,Jeremy Hill,2015,23.0,3.5605381165919283,62.36842105263158,12,170.3,176.3
2601,Jeremy Hill,2016,22.5,3.779279279279279,135.33333333333334,9,176.3,17.2
2602,Jeremy Hill,2017,10.9375,3.135135135135135,16.0,0,17.2,4.1
2608,Jeremy Langford,2015,24.0,3.6283783783783785,146.14285714285714,7,147.6,73.2
2609,Jeremy Langford,2016,18.75,3.225806451612903,99.92592592592592,4,73.2,2.5
2613,Jeremy McNichols,2017,2.75,0.0,0.0,0,0.0,0.4
2614,Jeremy McNichols,2018,1.4375,2.0,0.0,0,0.4,0.0
2615,Jeremy McNichols,2019,1.5,0.0,0.0,0,0.0,43.9
2616,Jeremy McNichols,2020,25.0,4.340425531914893,38.8235294117647,1,43.9,73.6
2617,Jeremy McNichols,2021,21.41176470588235,3.8048780487804876,176.8421052631579,1,73.6,0.0
2618,Jeremy McNichols,2023,4.9411764705882355,0.0,0.0,0,0.0,
2628,Jeremy Stewart,2013,19.5,1.0,6.0,1,8.8,2.2
2629,Jerick McKinnon,2014,15.125,4.761061946902655,88.90243902439025,0,94.3,83.4
2630,Jerick McKinnon,2015,23.0,5.211538461538462,125.27586206896552,3,83.4,148.4
2631,Jerick McKinnon,2016,22.5,3.389937106918239,206.88679245283018,4,148.4,178.1
2632,Jerick McKinnon,2017,25.0,3.8,315.75,5,178.1,126.2
2633,Jerick McKinnon,2020,28.0,3.9382716049382718,181.5,6,126.2,35.9
2634,Jerick McKinnon,2021,22.176470588235293,5.166666666666667,69.55,1,35.9,196.3
2635,Jerick McKinnon,2022,30.0,4.041666666666667,403.83098591549293,10,196.3,84.4
2636,Jerick McKinnon,2023,21.88235294117647,2.857142857142857,150.0,5,84.4,
2651,Jerome Felton,2015,29.0,2.0,6.0,0,2.4,13.0
2652,Jerome Ford,2022,17.58823529411765,1.5,0.0,0,1.2,211.2
2653,Jerome Ford,2023,24.0,3.985294117647059,222.79365079365078,9,211.2,
2699,Joe Banyard,2013,4.6875,0.0,11.0,0,2.1,24.0
2700,Joe Banyard,2014,24.375,4.190476190476191,50.72727272727273,0,24.0,0.0
2701,Joe Banyard,2015,8.4375,0.0,0.0,0,0.0,0.7
2702,Joe Banyard,2016,1.75,3.5,0.0,0,0.7,0.0
2718,Joe Kerridge,2016,12.0,0.0,0.0,0,0.0,1.3
2719,Joe Mixon,2017,18.375,3.5168539325842696,253.23529411764707,4,141.3,243.4
2720,Joe Mixon,2018,19.25,4.928270042194093,231.4181818181818,9,243.4,225.4
2721,Joe Mixon,2019,23.0,4.089928057553957,223.22222222222223,8,225.4,99.6
2722,Joe Mixon,2020,9.0,3.596638655462185,111.46153846153847,4,99.6,287.9
2723,Joe Mixon,2021,23.529411764705884,4.126712328767123,274.75,16,287.9,239.5
2724,Joe Mixon,2022,21.41176470588235,3.876190476190476,352.8,9,239.5,267.0
2725,Joe Mixon,2023,27.0,4.023346303501945,305.5,12,267.0,
2746,John Conner,2013,21.125,0.0,16.90909090909091,0,9.1,13.5
2749,John Kelly,2018,5.5,2.740740740740741,18.0,0,12.1,0.9
2750,John Kelly,2019,5.75,3.0,0.0,0,0.9,1.3
2751,John Kelly,2021,5.882352941176471,6.5,0.0,0,1.3,0.0
2752,John Kuhn,2013,29.0625,3.8,55.421052631578945,1,28.9,20.8
2754,John Kuhn,2015,33.0,3.111111111111111,33.6,2,26.4,56.7
2783,Joique Bell,2013,27.0,3.9156626506024095,420.15942028985506,8,216.7,198.2
2784,Joique Bell,2014,26.25,3.8565022421524664,206.56603773584905,8,198.2,105.7
2785,Joique Bell,2015,23.5625,3.4555555555555557,233.03703703703704,4,105.7,1.4
2790,Jonas Gray,2014,12.0,4.629213483146067,2.3333333333333335,5,72.9,32.2
2791,Jonathan Dwyer,2013,22.5,4.020408163265306,46.54545454545455,0,34.1,13.9
2792,Jonathan Grimes,2013,3.0,3.4761904761904763,76.0,1,24.9,29.9
2793,Jonathan Grimes,2014,25.0,3.923076923076923,64.5,0,29.9,85.5
2794,Jonathan Grimes,2015,22.75,5.035714285714286,145.09677419354838,2,85.5,32.9
2796,Jonathan Stewart,2013,9.75,3.75,44.0,0,29.4,146.0
2797,Jonathan Stewart,2014,21.9375,4.622857142857143,145.96774193548387,4,146.0,162.8
2798,Jonathan Stewart,2015,22.75,4.086776859504132,75.42857142857143,7,162.8,146.4
2799,Jonathan Stewart,2016,23.5625,3.779816513761468,22.857142857142858,9,146.4,117.2
2800,Jonathan Stewart,2017,28.125,3.4343434343434343,27.733333333333334,7,117.2,1.7
2801,Jonathan Taylor,2020,19.6875,5.038793103448276,276.0,12,252.8,373.1
2802,Jonathan Taylor,2021,22.0,5.454819277108434,282.3529411764706,20,373.1,146.4
2803,Jonathan Taylor,2022,14.882352941176471,4.484375,100.1,4,146.4,156.4
2804,Jonathan Taylor,2023,14.117647058823529,4.384615384615385,126.3913043478261,8,156.4,
2805,Jonathan Ward,2020,20.125,0.0,11.0,1,8.1,9.7
2806,Jonathan Ward,2021,18.352941176470587,3.6666666666666665,25.5,0,9.7,5.2
2807,Jonathan Ward,2022,11.764705882352942,5.0,4.666666666666667,0,5.2,1.1
2808,Jonathan Ward,2023,10.705882352941176,3.6666666666666665,0.0,0,1.1,
2809,Jonathan Williams,2016,15.125,3.4814814814814814,0.0,1,12.4,1.1
2810,Jonathan Williams,2018,4.5,0.0,1.0,0,1.1,40.4
2811,Jonathan Williams,2019,14.0625,4.795918367346939,59.0,1,40.4,4.6
2812,Jonathan Williams,2020,8.125,5.0,21.0,0,4.6,20.7
2813,Jonathan Williams,2021,7.9411764705882355,4.647058823529412,18.666666666666668,1,20.7,26.2
2814,Jonathan Williams,2022,21.41176470588235,4.108108108108108,28.0,0,26.2,-0.2
2815,Jonathan Williams,2023,1.7058823529411764,-2.0,0.0,0,-0.2,
2834,Jordan Howard,2016,20.625,5.2103174603174605,172.84,7,230.1,199.7
2835,Jordan Howard,2017,23.0,4.065217391304348,89.84375,9,199.7,180.0
2836,Jordan Howard,2018,24.0,3.74,111.53846153846153,9,180.0,111.4
2837,Jordan Howard,2019,15.625,4.411764705882353,49.285714285714285,7,111.4,30.7
2838,Jordan Howard,2020,11.375,1.7142857142857142,-3.0,4,30.7,62.5
2839,Jordan Howard,2021,11.117647058823529,4.72093023255814,7.6,3,62.5,0.1
2843,Jordan Mason,2022,21.647058823529413,6.0,0.0,1,31.8,44.7
2844,Jordan Mason,2023,24.0,5.15,23.25,3,44.7,
2854,Jordan Mims,2023,2.823529411764706,0.0,0.0,0,0.0,
2862,Jordan Scarlett,2019,12.9375,2.25,0.0,0,0.9,0.0
2866,Jordan Todman,2013,23.0,3.3684210526315788,62.46153846153846,3,69.2,75.4
2867,Jordan Todman,2014,24.0,5.8125,133.78378378378378,2,75.4,2.2
2868,Jordan Todman,2015,17.1875,5.5,0.0,0,2.2,11.9
2869,Jordan Todman,2016,26.0,6.555555555555555,0.0,1,11.9,0.0
2870,Jordan Wilkins,2018,24.0,5.6,80.0,1,60.1,54.0
2871,Jordan Wilkins,2019,21.875,6.019607843137255,27.363636363636363,2,54.0,61.3
2872,Jordan Wilkins,2020,24.375,3.6666666666666665,78.75,1,61.3,0.0
2873,Jordan Wilkins,2021,7.9411764705882355,0.0,0.0,0,0.0,14.7
2880,Joseph Randle,2013,17.875,3.037037037037037,48.8,2,42.5,54.6
2881,Joseph Randle,2014,23.0,6.7254901960784315,18.4,3,54.6,74.1
2882,Josh Adams,2018,19.25,4.258333333333334,31.23076923076923,3,81.9,1.2
2883,Josh Adams,2019,4.3125,1.5,0.0,0,1.2,36.6
2884,Josh Adams,2020,12.0,5.413793103448276,21.75,2,36.6,0.0
2903,Josh Ferguson,2016,23.0,1.3333333333333333,104.61538461538461,0,35.6,5.1
2904,Josh Ferguson,2017,15.0,5.0,12.0,0,5.1,0.9
2921,Josh Jacobs,2019,17.0625,4.75206611570248,122.96296296296296,7,191.6,231.3
2922,Josh Jacobs,2020,20.625,3.901098901098901,174.53333333333333,12,231.3,226.0
2923,Josh Jacobs,2021,20.294117647058822,4.018433179723503,293.625,9,226.0,328.3
2924,Josh Jacobs,2022,24.0,4.8617647058823525,331.25,12,328.3,181.1
2925,Josh Jacobs,2023,19.11764705882353,3.4549356223175964,202.8148148148148,6,181.1,
2929,Josh Johnson,2021,4.235294117647059,0.0,0.0,0,0.0,0.7
2962,Joshua Kelley,2020,20.125,3.189189189189189,148.0,2,81.2,17.0
2963,Joshua Kelley,2021,14.117647058823529,3.090909090909091,31.666666666666668,0,17.0,64.8
2964,Joshua Kelley,2022,19.11764705882353,4.159420289855072,56.56,2,64.8,61.7
2965,Joshua Kelley,2023,26.0,3.7850467289719627,21.333333333333332,2,61.7,
2998,Julius Chestnut,2022,7.764705882352941,1.3333333333333333,41.0,0,8.3,0.0
2999,Julius Chestnut,2023,4.0588235294117645,0.0,0.0,0,0.0,
3007,Justice Hill,2019,22.0,3.8793103448275863,37.333333333333336,2,49.5,13.0
3008,Justice Hill,2020,17.25,5.0,20.0,0,13.0,42.0
3009,Justice Hill,2022,22.058823529411764,5.346938775510204,58.0,0,42.0,109.3
3010,Justice Hill,2023,24.470588235294116,4.607142857142857,147.89743589743588,4,109.3,
3011,Justin Davis,2017,5.5,1.0,0.0,0,0.1,1.9
3015,Justin Forsett,2013,15.75,5.166666666666667,76.875,0,26.3,246.9
3016,Justin Forsett,2014,29.0,5.3872340425531915,196.135593220339,8,246.9,122.4
3017,Justin Forsett,2015,18.75,4.245033112582782,115.6829268292683,2,122.4,61.6
3034,Justin Jackson,2018,17.875,4.12,106.57894736842105,2,61.1,31.2
3035,Justin Jackson,2019,10.0625,6.896551724137931,18.0,0,31.2,65.3
3036,Justin Jackson,2020,13.5,4.576271186440678,136.95833333333334,0,65.3,86.2
3037,Justin Jackson,2021,20.58823529411765,5.352941176470588,156.64,2,86.2,51.1
3055,Juwan Thompson,2014,20.625,5.037037037037037,14.285714285714286,3,51.7,15.9
3056,Juwan Thompson,2015,21.5625,2.6666666666666665,34.0,0,15.9,8.6
3068,Ka'Deem Carey,2014,19.25,4.388888888888889,47.5,0,26.5,36.8
3069,Ka'Deem Carey,2015,15.8125,3.697674418604651,19.0,3,36.8,23.1
3080,Kalen Ballage,2018,17.25,5.305555555555555,45.81818181818182,1,37.7,51.8
3081,Kalen Ballage,2019,18.0,1.8243243243243243,36.75,3,51.8,93.9
3082,Kalen Ballage,2020,17.1875,3.32967032967033,130.1081081081081,3,93.9,6.4
3094,Kapri Bibbs,2015,1.375,0.0,0.0,0,0.0,28.4
3095,Kapri Bibbs,2016,17.25,4.448275862068965,37.5,1,28.4,40.7
3096,Kapri Bibbs,2017,4.5,3.761904761904762,105.41176470588235,1,40.7,61.8
3097,Kareem Hunt,2017,22.0,4.8786764705882355,382.77777777777777,11,295.2,230.2
3098,Kareem Hunt,2018,15.8125,4.552486187845304,280.8,14,230.2,101.4
3099,Kareem Hunt,2019,12.0,4.162790697674419,239.6590909090909,3,101.4,218.5
3100,Kareem Hunt,2020,25.0,4.247474747474747,226.50980392156862,11,218.5,110.0
3101,Kareem Hunt,2021,12.235294117647058,4.948717948717949,141.77777777777777,5,110.0,126.8
3102,Kareem Hunt,2022,27.0,3.8048780487804876,167.04545454545453,4,126.8,118.5
3103,Kareem Hunt,2023,24.705882352941178,3.0444444444444443,60.0,9,118.5,
3108,Ke'Shawn Vaughn,2020,14.375,4.1923076923076925,17.0,1,23.3,36.6
3109,Ke'Shawn Vaughn,2021,16.941176470588236,5.0,13.0,2,36.6,10.2
3110,Ke'Shawn Vaughn,2022,22.058823529411764,3.1176470588235294,14.25,0,10.2,6.4
3111,Ke'Shawn Vaughn,2023,9.176470588235293,1.75,0.8,0,6.4,
3112,Keaontay Ingram,2022,16.235294117647058,2.2222222222222223,16.8,1,18.1,14.0
3113,Keaontay Ingram,2023,11.294117647058824,2.1142857142857143,26.0,0,14.0,
3115,Keaton Mitchell,2023,9.882352941176471,8.425531914893616,76.0909090909091,2,69.9,
3172,Kendall Hunter,2013,25.0,4.589743589743589,6.5,4,61.1,0.2
3177,Kendre Miller,2023,9.882352941176471,3.8048780487804876,106.36363636363636,1,43.3,
3185,Kene Nwangwu,2021,14.882352941176471,4.6923076923076925,7.2,2,23.0,11.5
3186,Kene Nwangwu,2022,24.0,1.5555555555555556,21.0,1,11.5,1.3
3187,Kene Nwangwu,2023,13.235294117647058,2.6,0.0,0,1.3,
3188,Kenjon Barner,2013,12.0,1.1666666666666667,4.666666666666667,0,3.4,21.6
3189,Kenjon Barner,2015,16.25,4.428571428571429,16.5,0,21.6,34.1
3190,Kenjon Barner,2016,21.9375,4.777777777777778,19.09090909090909,2,34.1,22.3
3191,Kenjon Barner,2017,22.75,3.5625,35.0,1,22.3,8.4
3192,Kenjon Barner,2018,16.3125,3.736842105263158,3.0,0,8.4,15.1
3193,Kenjon Barner,2019,26.25,7.0,16.5,1,15.1,0.0
3194,Kenjon Barner,2020,11.625,0.0,0.0,0,0.0,0.0
3195,Kenneth Dixon,2016,16.5,4.340909090909091,118.53658536585365,3,102.4,54.4
3196,Kenneth Gainwell,2021,20.705882352941178,4.279411764705882,166.98,6,123.4,87.9
3197,Kenneth Gainwell,2022,23.0,4.528301886792453,134.0344827586207,4,87.9,97.4
3198,Kenneth Gainwell,2023,22.58823529411765,4.333333333333333,148.3783783783784,2,97.4,
3199,Kenneth Walker III,2022,19.41176470588235,4.605263157894737,127.28571428571429,9,202.5,199.4
3200,Kenneth Walker III,2023,20.294117647058822,4.132420091324201,203.0,9,199.4,
3210,Kenny McIntosh,2023,4.0588235294117645,0.0,0.0,0,0.0,
3224,Kenyan Drake,2016,22.0,5.424242424242424,41.4,3,49.5,142.3
3225,Kenyan Drake,2017,23.0,4.842105263157895,159.33333333333334,4,142.3,206.2
3226,Kenyan Drake,2018,24.0,4.458333333333333,346.3150684931507,9,206.2,214.2
3227,Kenyan Drake,2019,21.875,4.805882352941176,253.6764705882353,8,214.2,192.2
3228,Kenyan Drake,2020,24.375,3.99581589958159,110.48387096774194,10,192.2,102.5
3229,Kenyan Drake,2021,19.058823529411764,4.031746031746032,218.25,3,102.5,104.1
3230,Kenyan Drake,2022,19.764705882352942,4.422018348623853,58.19230769230769,5,104.1,3.1
3231,Kenyan Drake,2023,5.117647058823529,0.0,20.666666666666668,0,3.1,
3232,Kerryon Johnson,2018,13.125,5.432203389830509,174.76923076923077,4,139.4,85.0
3233,Kerryon Johnson,2019,11.0,3.566371681415929,84.66666666666667,4,85.0,71.8
3234,Kerryon Johnson,2020,23.0,3.480769230769231,136.65384615384616,3,71.8,0.0
3235,Kerwynn Williams,2013,2.75,0.0,0.0,0,0.0,0.0
3236,Kerwynn Williams,2013,1.375,0.0,0.0,0,0.0,27.7
3237,Kerwynn Williams,2014,7.1875,4.6415094339622645,3.6666666666666665,0,27.7,21.8
3238,Kerwynn Williams,2015,9.0,5.2592592592592595,16.0,1,21.8,29.3
3239,Kerwynn Williams,2016,15.625,8.722222222222221,3.0,2,29.3,67.9
3245,Kevin Harris,2022,6.470588235294118,2.888888888888889,0.0,1,11.2,21.3
3246,Kevin Harris,2023,5.411764705882353,4.0625,58.0,1,21.3,
3266,Khalil Herbert,2021,23.0,4.203883495145631,84.0,2,78.9,117.8
3267,Khalil Herbert,2022,18.352941176470587,5.666666666666667,42.75,5,117.8,112.5
3268,Khalil Herbert,2023,17.647058823529413,4.628787878787879,86.45161290322581,3,112.5,
3279,Khiry Robinson,2013,15.0,4.148148148148148,0.0,1,28.4,64.5
3280,Khiry Robinson,2014,15.625,4.7631578947368425,45.81818181818182,3,64.5,70.5
3281,Khiry Robinson,2015,13.0,3.2142857142857144,97.75,4,70.5,0.2
3297,Knile Davis,2013,22.0,3.4571428571428573,55.0,5,70.7,121.0
3298,Knile Davis,2014,23.0,3.455223880597015,94.08,8,121.0,17.6
3299,Knile Davis,2015,21.0,2.5714285714285716,16.0,1,17.6,10.3
3300,Knowshon Moreno,2013,26.0,4.3070539419087135,444.3243243243243,13,296.6,22.6
3317,Kyle Juszczyk,2013,22.0,0.0,0.0,0,0.0,39.2
3318,Kyle Juszczyk,2014,23.0,0.0,128.07407407407408,1,39.2,97.4
3319,Kyle Juszczyk,2015,24.0,1.5,235.01785714285714,4,97.4,73.8
3320,Kyle Juszczyk,2016,25.0,4.4,200.85714285714286,1,73.8,69.6
3353,Kylin Hill,2021,10.823529411764707,2.4,2.5,0,3.9,0.7
3354,Kyren Williams,2022,12.941176470588236,3.9714285714285715,57.0,0,30.5,255.0
3355,Kyren Williams,2023,16.235294117647058,5.017543859649122,137.33333333333334,15,255.0,
3356,La'Mical Perine,2020,13.75,3.625,46.2,2,52.5,3.1
3357,La'Mical Perine,2021,5.411764705882353,3.875,0.0,0,3.1,14.0
3358,La'Mical Perine,2023,4.411764705882353,3.5,19.8,0,14.0,
3359,LaMichael James,2013,15.0,4.916666666666667,10.666666666666666,0,9.5,0.9
3360,LaMichael James,2014,4.6875,1.8,0.0,0,0.9,0.0
3370,Lamar Miller,2013,22.0,4.005649717514125,126.28571428571429,2,123.9,223.4
3371,Lamar Miller,2014,23.0,5.087962962962963,200.96153846153845,9,223.4,231.9
3372,Lamar Miller,2015,24.0,4.494845360824742,327.35087719298247,10,231.9,191.1
3373,Lamar Miller,2016,21.875,4.003731343283582,149.43589743589743,6,191.1,193.5
3374,Lamar Miller,2017,26.0,3.73109243697479,261.6,6,193.5,172.6
3375,Lamar Miller,2018,23.625,4.633333333333334,116.42857142857143,6,172.6,2.6
3376,Lance Dunbar,2013,12.9375,5.0,59.0,0,25.9,49.6
3377,Lance Dunbar,2014,24.0,3.413793103448276,177.54545454545453,0,49.6,49.2
3378,Lance Dunbar,2015,6.25,13.4,196.30434782608697,0,49.2,37.3
3379,Lance Dunbar,2016,21.125,3.4444444444444446,81.33333333333333,1,37.3,12.2
3409,Larry Rountree,2021,15.529411764705882,2.4166666666666665,-0.5,1,15.6,5.3
3410,Latavius Murray,2014,22.5,5.170731707317073,105.69565217391305,2,85.7,204.8
3411,Latavius Murray,2015,25.0,4.007518796992481,179.47169811320754,6,204.8,208.2
3412,Latavius Murray,2016,22.75,4.041025641025641,202.6046511627907,12,208.2,157.5
3413,Latavius Murray,2017,27.0,3.8981481481481484,90.88235294117646,8,157.5,131.9
3414,Latavius Murray,2018,28.0,4.128571428571429,119.3076923076923,6,131.9,157.2
3415,Latavius Murray,2019,29.0,4.363013698630137,185.8139534883721,6,157.2,136.2
3416,Latavius Murray,2020,28.125,4.493150684931507,155.69230769230768,5,136.2,103.6
3417,Latavius Murray,2021,25.529411764705884,4.2100840336134455,57.69230769230769,6,103.6,154.2
3418,Latavius Murray,2022,24.470588235294116,4.444444444444445,101.82857142857142,6,154.2,82.9
3419,Latavius Murray,2023,31.058823529411764,3.7974683544303796,91.95454545454545,4,82.9,
3428,Le'Veon Bell,2013,17.0625,3.5245901639344264,272.04545454545456,8,216.9,370.5
3429,Le'Veon Bell,2014,22.0,4.6931034482758625,675.0666666666667,11,370.5,111.2
3430,Le'Veon Bell,2015,8.625,4.920353982300885,125.53846153846153,3,111.2,317.4
3431,Le'Veon Bell,2016,18.0,4.85823754789272,491.48936170212767,9,317.4,341.6
3432,Le'Veon Bell,2017,23.4375,4.021806853582555,525.2358490566038,11,341.6,215.0
3433,Le'Veon Bell,2019,25.3125,3.220408163265306,390.0769230769231,4,215.0,74.6
3434,Le'Veon Bell,2020,19.25,4.0,110.4,2,74.6,38.1
3435,LeGarrette Blount,2013,27.0,5.045751633986928,15.2,7,121.0,98.1
3436,LeGarrette Blount,2014,28.0,4.376,45.0,5,98.1,122.6
3437,LeGarrette Blount,2015,21.75,4.260606060606061,36.857142857142854,7,122.6,232.9
3438,LeGarrette Blount,2016,30.0,3.882943143812709,33.25,18,232.9,107.6
3439,LeGarrette Blount,2017,31.0,4.427745664739884,50.0,3,107.6,86.5
3440,LeSean McCoy,2013,25.0,5.117834394904459,437.9375,11,330.6,199.4
3441,LeSean McCoy,2014,26.0,4.227564102564102,117.29729729729729,5,199.4,178.7
3442,LeSean McCoy,2015,20.25,4.4088669950738915,186.88,5,178.7,298.3
3443,LeSean McCoy,2016,26.25,5.414529914529915,312.280701754386,14,298.3,263.6
3444,LeSean McCoy,2017,29.0,3.965156794425087,343.27272727272725,8,263.6,127.2
3445,LeSean McCoy,2018,26.25,3.1925465838509317,175.91304347826087,3,127.2,118.6
3446,LeSean McCoy,2019,25.1875,4.603960396039604,149.05882352941177,5,118.6,28.2
3455,Leon Washington,2013,13.5625,1.0,0.0,0,0.1,53.6
3456,Leonard Fournette,2017,17.875,3.8805970149253732,226.5,10,230.2,120.4
3457,Leonard Fournette,2018,11.5,3.300751879699248,156.53846153846155,6,120.4,259.4
3458,Leonard Fournette,2019,22.5,4.347169811320755,396.72,3,259.4,132.0
3459,Leonard Fournette,2020,20.3125,3.783505154639175,178.46808510638297,6,132.0,255.6
3460,Leonard Fournette,2021,21.41176470588235,4.511111111111111,372.92857142857144,10,255.6,226.1
3461,Leonard Fournette,2022,25.41176470588235,3.5343915343915344,459.9879518072289,6,226.1,4.0
3462,Leonard Fournette,2023,3.2941176470588234,3.3333333333333335,0.0,0,4.0,
3495,Lorenzo Taliaferro,2014,18.6875,4.294117647058823,91.2,4,70.6,18.6
3496,Lorenzo Taliaferro,2015,4.5,3.6153846153846154,29.0,1,18.6,4.0
3538,Malcolm Brown,2015,1.375,4.25,-2.0,0,2.5,9.5
3539,Malcolm Brown,2016,23.0,2.1666666666666665,46.0,0,9.5,44.9
3540,Malcolm Brown,2017,16.5,3.9047619047619047,43.36363636363637,1,44.9,39.4
3541,Malcolm Brown,2018,18.75,4.930232558139535,37.142857142857146,1,39.4,59.1
3542,Malcolm Brown,2019,22.75,3.6956521739130435,5.333333333333333,5,59.1,109.1
3543,Malcolm Brown,2020,27.0,4.148514851485149,112.9090909090909,5,109.1,22.5
3544,Malcolm Brown,2021,11.529411764705882,3.787878787878788,6.0,1,22.5,22.8
3545,Malcolm Johnson,2015,17.25,0.0,10.0,0,5.5,7.6
3549,Malik Davis,2022,16.941176470588236,4.2368421052631575,54.0,1,34.4,0.0
3550,Malik Davis,2023,4.411764705882353,0.0,0.0,0,0.0,
3604,Marcus Murphy,2015,19.5,0.0,0.0,1,4.0,1.3
3605,Marcus Murphy,2016,4.6875,0.0,3.0,0,1.3,6.8
3606,Marcus Murphy,2017,1.625,5.857142857142857,7.0,0,6.8,38.6
3607,Marcus Thigpen,2013,27.0,3.0,70.54545454545455,1,25.5,4.0
3608,Marcus Thigpen,2014,15.75,0.0,0.0,1,4.0,-4.1
3616,Mark Ingram,2013,16.5,4.948717948717949,43.27272727272727,1,58.4,191.9
3617,Mark Ingram,2014,20.3125,4.265486725663717,116.80555555555556,9,191.9,203.4
3618,Mark Ingram,2015,19.5,4.632530120481928,337.5,6,203.4,242.2
3619,Mark Ingram,2016,27.0,5.087804878048781,253.0,10,242.2,278.0
3620,Mark Ingram,2017,28.0,4.886956521739131,339.83098591549293,12,278.0,142.5
3621,Mark Ingram,2018,21.75,4.673913043478261,132.22222222222223,7,142.5,242.5
3622,Mark Ingram,2019,28.125,5.03960396039604,221.44827586206895,15,242.5,52.9
3623,Mark Ingram,2020,21.3125,4.152777777777778,37.5,2,52.9,108.6
3624,Mark Ingram,2021,26.352941176470587,3.4625,124.97142857142858,2,108.6,50.1
3628,Mark Walton,2018,18.375,2.4285714285714284,25.625,0,12.5,42.0
3636,Marlon Mack,2017,18.375,3.849462365591398,143.1818181818182,4,103.3,178.1
3637,Marlon Mack,2018,16.5,4.656410256410257,67.34615384615384,10,178.1,181.3
3638,Marlon Mack,2019,20.125,4.417004048582996,67.52941176470588,8,181.3,8.6
3639,Marlon Mack,2020,1.5,6.5,30.0,0,8.6,12.9
3640,Marlon Mack,2021,8.823529411764707,3.607142857142857,3.2,0,12.9,38.3
3677,Marshawn Lynch,2013,27.0,4.176079734219269,258.54545454545456,14,275.3,302.3
3678,Marshawn Lynch,2014,28.0,4.664285714285715,282.8958333333333,17,302.3,82.7
3679,Marshawn Lynch,2015,12.6875,3.7567567567567566,49.523809523809526,3,82.7,164.2
3680,Marshawn Lynch,2017,29.0625,4.304347826086956,97.41935483870968,7,164.2,79.0
3681,Marshawn Lynch,2018,12.0,4.177777777777778,63.0,3,79.0,9.4
3715,Matt Asiata,2013,17.875,3.772727272727273,8.125,3,38.9,194.2
3716,Matt Asiata,2014,25.3125,3.475609756097561,217.9047619047619,10,194.2,43.4
3717,Matt Asiata,2015,28.0,3.8620689655172415,114.0,0,43.4,132.5
3725,Matt Breida,2017,22.0,4.428571428571429,105.0,3,103.5,162.5
3726,Matt Breida,2018,20.125,5.3202614379084965,227.32258064516128,5,162.5,103.3
3727,Matt Breida,2019,19.5,5.065040650406504,103.63636363636364,2,103.3,42.0
3728,Matt Breida,2020,18.75,4.305084745762712,86.4,0,42.0,42.7
3729,Matt Breida,2021,13.764705882352942,4.8076923076923075,56.0,3,42.7,59.8
3730,Matt Breida,2022,27.0,4.074074074074074,94.4,1,59.8,46.9
3731,Matt Breida,2023,28.0,2.7454545454545456,71.23809523809524,1,46.9,
3741,Matt Forte,2013,28.0,4.633217993079585,462.69473684210527,12,337.3,346.6
3742,Matt Forte,2014,29.0,3.9022556390977443,633.9692307692308,10,346.6,214.7
3743,Matt Forte,2015,24.375,4.1192660550458715,295.1034482758621,7,214.7,183.6
3744,Matt Forte,2016,27.125,3.729357798165138,183.48837209302326,8,183.6,120.4
3748,Matt Jones,2015,17.875,3.4027777777777777,231.04,4,114.4,75.3
3749,Matt Jones,2016,10.0625,4.646464646464646,73.0,3,75.3,1.4
3786,Matthew Dayes,2017,23.0,2.6,23.2,0,8.2,0.0
3814,Maurice Jones-Drew,2013,26.25,3.4316239316239314,225.03333333333333,5,187.0,27.7
3828,Melvin Gordon,2015,19.25,3.483695652173913,171.24324324324326,0,108.3,250.6
3829,Melvin Gordon,2016,18.6875,3.925196850393701,301.3859649122807,12,250.6,288.1
3830,Melvin Gordon,2017,24.0,3.890845070422535,332.6265060240964,12,288.1,275.5
3831,Melvin Gordon,2018,18.75,5.057142857142857,371.2121212121212,14,275.5,180.8
3832,Melvin Gordon,2019,19.5,3.7777777777777777,226.03636363636363,9,180.8,198.4
3833,Melvin Gordon,2020,25.3125,4.586046511627907,114.9090909090909,10,198.4,195.1
3834,Melvin Gordon,2021,26.352941176470587,4.522167487684729,156.94736842105263,10,195.1,87.1
3835,Melvin Gordon,2022,17.058823529411764,3.533333333333333,174.21875,2,87.1,19.7
3836,Melvin Gordon,2023,7.0588235294117645,3.1153846153846154,46.0,1,19.7,
3842,Michael Burton,2017,25.0,2.25,4.0,0,3.7,1.6
3843,Michael Burton,2018,13.0,0.0,6.0,0,1.6,0.0
3844,Michael Burton,2019,16.875,0.0,0.0,0,0.0,8.6
3852,Michael Carter,2021,18.11764705882353,4.346938775510204,212.72727272727272,4,154.4,126.0
3853,Michael Carter,2022,21.647058823529413,3.526315789473684,218.66666666666666,3,126.0,58.8
3854,Michael Carter,2023,21.176470588235293,6.233333333333333,78.19354838709677,1,58.8,
3855,Michael Cox,2013,21.875,1.9545454545454546,12.0,0,8.5,6.2
3895,Mike Boone,2018,11.5,4.2727272727272725,0.6666666666666666,0,6.8,50.0
3896,Mike Boone,2019,24.0,5.571428571428571,12.75,3,50.0,14.9
3897,Mike Boone,2020,25.0,5.363636363636363,10.0,1,14.9,7.7
3898,Mike Boone,2021,12.235294117647058,8.75,22.0,0,7.7,28.8
3902,Mike Davis,2017,9.0,3.5294117647058822,109.16666666666667,0,52.1,136.8
3905,Mike Davis,2020,25.3125,3.890909090909091,314.3857142857143,8,206.5,138.2
3906,Mike Davis,2021,28.0,3.6449275362318843,196.48275862068965,4,138.2,4.2
3923,Mike Gillislee,2013,4.3125,3.5,0.0,0,2.1,51.6
3924,Mike Gillislee,2015,7.8125,5.680851063829787,24.857142857142858,3,51.6,125.7
3925,Mike Gillislee,2016,24.375,5.712871287128713,40.90909090909091,9,125.7,68.8
3926,Mike Gillislee,2017,15.1875,3.6826923076923075,15.0,5,68.8,4.2
3934,Mike James,2013,11.0,4.916666666666667,39.09090909090909,0,47.9,4.2
3935,Mike James,2014,15.8125,1.9473684210526316,-5.0,0,4.2,8.1
3945,Mike Tolbert,2013,28.0,3.5742574257425743,150.54545454545453,7,123.5,29.1
3946,Mike Tolbert,2014,14.5,2.108108108108108,65.6470588235294,0,29.1,83.0
3947,Mike Tolbert,2015,30.0,4.129032258064516,120.52173913043478,4,83.0,34.6
3948,Mike Tolbert,2016,31.0,3.257142857142857,48.0,1,34.6,50.5
3973,Miles Sanders,2019,22.0,4.569832402234637,403.968253968254,6,218.7,170.4
3974,Miles Sanders,2020,17.25,5.286585365853658,106.07692307692308,6,170.4,117.2
3975,Miles Sanders,2021,16.941176470588236,5.5036496350364965,120.82352941176471,0,117.2,216.7
3976,Miles Sanders,2022,25.0,4.899613899613899,60.0,11,216.7,87.6
3977,Miles Sanders,2023,24.470588235294116,3.3488372093023258,101.41463414634147,1,87.6,
3996,Mohamed Ibrahim,2023,1.4705882352941178,0.0,0.0,0,0.0,
4005,Montee Ball,2013,23.0,4.658333333333333,107.4074074074074,4,108.4,36.4
4006,Montell Owens,2013,1.8125,0.0,0.0,0,0.0,0.0
4022,Myles Gaskin,2019,9.625,3.6944444444444446,29.75,1,31.4,164.2
4023,Myles Gaskin,2020,14.375,4.112676056338028,338.468085106383,5,164.2,173.6
4024,Myles Gaskin,2021,24.0,3.53757225433526,182.0,7,173.6,9.4
4025,Myles Gaskin,2022,5.882352941176471,2.6,18.666666666666668,0,9.4,0.0
4026,Myles Gaskin,2023,4.588235294117647,0.0,0.0,0,0.0,
4033,Najee Harris,2021,23.0,3.9087947882736156,367.63829787234044,10,300.7,223.5
4034,Najee Harris,2022,24.0,3.801470588235294,177.1509433962264,10,223.5,195.5
4035,Najee Harris,2023,25.0,4.0588235294117645,129.73684210526315,8,195.5,
4042,Nathan Cottrell,2020,12.0,0.0,0.0,0,0.0,0.3
4062,Nick Bawden,2019,14.375,0.0,11.333333333333334,0,5.7,3.0
4079,Nick Chubb,2018,23.0,5.1875,102.75862068965517,10,194.5,255.2
4080,Nick Chubb,2019,24.0,5.0134228187919465,204.24489795918367,8,255.2,207.7
4081,Nick Chubb,2020,18.75,5.61578947368421,133.33333333333334,12,207.7,215.3
4082,Nick Chubb,2021,21.41176470588235,5.521929824561403,139.2,9,215.3,281.4
4083,Nick Chubb,2022,27.0,5.049668874172186,174.40540540540542,13,281.4,23.1
4084,Nick Chubb,2023,3.2941176470588234,6.071428571428571,21.0,0,23.1,
4102,Nick O'Leary,2015,5.75,0.0,12.333333333333334,0,4.7,22.4
4103,Nick O'Leary,2016,24.0,0.0,73.28571428571429,0,22.4,64.2
4104,Nick O'Leary,2017,23.4375,0.0,221.375,2,64.2,22.6
4152,Nyheim Hines,2018,22.0,3.6941176470588237,330.55555555555554,4,160.9,117.9
4153,Nyheim Hines,2019,23.0,3.826923076923077,242.75862068965517,4,117.9,193.2
4154,Nyheim Hines,2020,24.0,4.269662921348314,399.55263157894734,7,193.2,112.6
4155,Nyheim Hines,2021,25.0,4.928571428571429,217.5438596491228,3,112.6,81.4
4176,Orleans Darkwa,2014,15.125,2.5555555555555554,40.0,1,18.1,27.4
4177,Orleans Darkwa,2015,23.0,4.25,18.6,1,27.4,26.3
4178,Orleans Darkwa,2016,15.0,3.7,6.0,2,26.3,137.7
4184,Owen Wright,2023,1.411764705882353,0.0,0.0,0,0.0,
4201,Patrick DiMarco,2013,21.0,0.0,39.2,0,12.9,21.2
4202,Patrick DiMarco,2014,25.0,0.0,39.857142857142854,1,21.2,36.0
4203,Patrick DiMarco,2015,26.0,0.0,84.11764705882354,2,36.0,18.2
4204,Patrick DiMarco,2016,27.0,0.0,36.4,1,18.2,9.6
4207,Patrick Laird,2019,22.5,2.7096774193548385,156.4,1,68.2,22.0
4208,Patrick Laird,2020,25.0,5.538461538461538,56.666666666666664,0,22.0,5.1
4223,Patrick Taylor,2021,12.176470588235293,3.869565217391304,3.0,1,17.2,5.8
4224,Patrick Taylor,2022,19.764705882352942,3.1,17.0,0,5.8,30.0
4225,Patrick Taylor,2023,16.176470588235293,4.40625,31.705882352941178,0,30.0,
4226,Paul Perkins,2016,19.25,4.071428571428571,101.25,0,76.8,21.6
4227,Paul Perkins,2017,15.8125,2.1951219512195124,36.8,0,21.6,4.8
4240,Peyton Barber,2016,20.625,4.054545454545455,23.333333333333332,1,36.1,85.7
4241,Peyton Barber,2017,23.0,3.9166666666666665,96.0,3,85.7,150.3
4242,Peyton Barber,2018,24.0,3.7222222222222223,63.44827586206897,6,150.3,116.5
4243,Peyton Barber,2019,25.0,3.051948051948052,76.66666666666667,7,116.5,55.0
4244,Peyton Barber,2020,26.0,2.74468085106383,6.857142857142857,4,55.0,49.9
4247,Peyton Hillis,2013,11.8125,3.3835616438356166,59.42857142857143,2,57.3,30.2
4277,Phillip Lindsay,2018,22.5,5.401041666666667,179.46808510638297,10,222.8,197.7
4278,Phillip Lindsay,2019,25.0,4.513392857142857,142.91666666666666,7,197.7,66.0
4279,Phillip Lindsay,2020,17.875,4.254237288135593,14.0,1,66.0,45.4
4280,Phillip Lindsay,2021,22.235294117647058,2.8295454545454546,36.0,2,45.4,14.8
4285,Phillip Tanner,2013,25.0,1.3333333333333333,24.75,1,13.5,0.0
4291,Pierre Strong,2022,21.176470588235293,10.0,42.0,1,27.2,42.8
4292,Pierre Strong,2023,25.0,4.619047619047619,29.375,1,42.8,
4293,Pierre Thomas,2013,29.0,3.7346938775510203,470.25,5,211.2,123.0
4294,Pierre Thomas,2014,20.625,4.933333333333334,309.27272727272725,3,123.0,23.8
4301,Qadree Ollison,2019,11.5,2.272727272727273,3.5,4,30.7,0.3
4302,Qadree Ollison,2020,4.5,3.0,0.0,0,0.3,19.7
4303,Qadree Ollison,2021,11.764705882352942,5.0,8.0,1,19.7,0.0
4304,Qadree Ollison,2022,4.588235294117647,0.0,0.0,0,0.0,0.0
4305,Qadree Ollison,2023,3.176470588235294,0.0,0.0,0,0.0,
4325,Rachaad White,2022,23.0,3.7286821705426356,250.0,3,139.1,267.9
4326,Rachaad White,2023,24.0,3.639705882352941,501.9428571428571,9,267.9,
4327,Raheem Blackshear,2022,17.58823529411765,3.347826086956522,77.5,3,43.0,17.1
4328,Raheem Blackshear,2023,16.941176470588236,3.2857142857142856,38.57142857142857,0,17.1,
4329,Raheem Mostert,2015,15.8125,0.0,0.0,0,-2.0,0.6
4330,Raheem Mostert,2016,4.5,6.0,0.0,0,0.6,1.0
4331,Raheem Mostert,2017,17.1875,5.0,0.0,0,1.0,38.6
4332,Raheem Mostert,2018,14.625,7.676470588235294,21.428571428571427,1,38.6,165.2
4333,Raheem Mostert,2019,27.0,5.635036496350365,114.54545454545455,10,165.2,99.7
4334,Raheem Mostert,2020,14.0,5.009615384615385,131.3684210526316,3,99.7,2.0
4335,Raheem Mostert,2021,1.7058823529411764,10.0,0.0,0,2.0,168.3
4336,Raheem Mostert,2022,28.235294117647058,4.922651933701657,149.0952380952381,5,168.3,267.7
4337,Raheem Mostert,2023,27.352941176470587,4.842105263157895,136.71875,21,267.7,
4351,Rashaad Penny,2018,19.25,4.929411764705883,56.25,2,70.4,75.3
4352,Rashaad Penny,2019,14.375,5.6923076923076925,60.36363636363637,4,75.3,3.4
4353,Rashaad Penny,2020,4.5,3.090909090909091,0.0,0,3.4,121.7
4354,Rashaad Penny,2021,14.705882352941176,6.294117647058823,36.0,6,121.7,52.2
4355,Rashaad Penny,2022,7.647058823529412,6.0701754385964914,12.8,2,52.2,4.8
4356,Rashaad Penny,2023,4.764705882352941,3.0,5.0,0,4.8,
4359,Rashad Jennings,2013,26.25,4.4969325153374236,219.0,6,174.5,138.5
4360,Rashad Jennings,2014,19.9375,3.8263473053892216,165.3658536585366,4,138.5,164.9
4361,Rashad Jennings,2015,30.0,4.425641025641026,214.6,4,164.9,138.4
4384,Reggie Bonnafon,2019,23.0,7.25,38.0,1,29.3,16.7
4385,Reggie Bonnafon,2020,3.0,5.75,18.0,1,16.7,3.6
4386,Reggie Bonnafon,2021,5.882352941176471,4.0,12.0,0,3.6,0.8
4387,Reggie Bush,2013,24.5,4.511210762331839,341.55,7,239.2,107.0
4388,Reggie Bush,2014,19.9375,3.9078947368421053,180.71428571428572,2,107.0,8.7
4389,Reggie Bush,2015,9.375,3.5,7.6,0,8.7,23.7
4395,Rex Burkhead,2013,1.4375,0.0,0.0,0,0.0,20.6
4396,Rex Burkhead,2014,13.5,3.0,34.3,1,20.6,23.8
4397,Rex Burkhead,2015,25.0,1.0,62.666666666666664,1,23.8,75.9
4398,Rex Burkhead,2016,26.0,4.648648648648648,123.25,2,75.9,129.8
4399,Rex Burkhead,2017,16.875,4.125,211.66666666666666,8,129.8,49.7
4400,Rex Burkhead,2018,14.0,3.263157894736842,91.7,1,49.7,101.1
4401,Rex Burkhead,2019,23.5625,4.6461538461538465,198.23684210526315,3,101.1,107.6
4402,Rex Burkhead,2020,18.75,4.08955223880597,145.45454545454547,6,107.6,104.3
4403,Rex Burkhead,2021,29.176470588235293,3.5,145.3125,3,104.3,77.4
4404,Rhamondre Stevenson,2021,16.235294117647058,4.556390977443609,95.66666666666667,5,114.9,249.1
4405,Rhamondre Stevenson,2022,24.0,4.9523809523809526,330.10227272727275,6,249.1,145.7
4406,Rhamondre Stevenson,2023,17.647058823529413,3.967948717948718,177.33333333333334,4,145.7,
4438,Rico Dowdle,2020,20.625,3.4285714285714284,0.0,0,2.4,0.0
4439,Rico Dowdle,2022,7.0588235294117645,0.0,0.0,0,0.0,91.5
4440,Rico Dowdle,2023,23.529411764705884,4.056179775280899,111.27272727272727,4,91.5,
4484,Robert Hughes,2013,3.0,0.0,3.0,0,1.6,0.0
4485,Robert Hughes,2013,1.5,0.0,0.0,0,0.0,23.1
4486,Robert Kelley,2016,22.5,4.190476190476191,54.666666666666664,7,132.6,43.2
4487,Robert Kelley,2017,10.9375,3.129032258064516,10.285714285714286,3,43.2,0.8
4495,Robert Turbin,2013,24.0,3.4285714285714284,40.0,0,38.4,75.6
4496,Robert Turbin,2014,25.0,4.1891891891891895,148.8,2,75.6,35.2
4497,Robert Turbin,2015,16.25,3.98,16.1,1,35.2,108.3
4498,Robert Turbin,2016,25.3125,3.4893617021276597,132.97142857142856,8,108.3,25.9
4499,Robert Turbin,2017,10.5,2.3043478260869565,45.81818181818182,1,25.9,0.3
4500,Robert Turbin,2018,3.625,2.5,1.5,0,0.3,0.0
4512,Rod Smith,2015,15.8125,2.5,3.0,0,2.1,1.4
4513,Rod Smith,2016,10.5,0.0,4.0,0,1.4,92.4
4514,Rod Smith,2017,23.4375,4.218181818181818,166.8695652173913,5,92.4,33.7
4515,Rod Smith,2018,26.0,2.8863636363636362,45.0,1,33.7,0.0
4524,Rodney Smith,2020,10.5,3.8048780487804876,48.27272727272727,1,36.5,9.8
4529,Ronald Jones II,2018,11.8125,1.9130434782608696,25.666666666666668,1,20.7,166.3
4530,Ronald Jones II,2019,22.0,4.209302325581396,239.475,6,166.3,186.3
4531,Ronald Jones II,2020,20.125,5.09375,110.0,8,186.3,79.2
4532,Ronald Jones II,2021,22.58823529411765,4.237623762376238,49.23076923076923,4,79.2,16.2
4537,Ronnie Brown,2013,32.0,3.488888888888889,60.0,1,35.7,15.7
4538,Ronnie Hillman,2013,13.75,3.963636363636364,102.0,1,49.7,102.3
4539,Ronnie Hillman,2014,11.5,4.09433962264151,85.8529411764706,4,102.3,161.4
4540,Ronnie Hillman,2015,24.0,4.169082125603865,76.11428571428571,7,161.4,29.4
4541,Ronnie Rivers,2022,10.823529411764707,2.3333333333333335,29.0,0,10.0,20.1
4542,Ronnie Rivers,2023,12.705882352941176,4.03125,22.0,0,20.1,
4543,Roosevelt Nix,2015,21.5625,0.0,10.666666666666666,0,3.6,2.5
4544,Roosevelt Nix,2016,15.0,0.0,5.0,0,2.5,14.6
4545,Roosevelt Nix,2017,25.0,0.0,4.0,2,14.6,8.2
4546,Roosevelt Nix,2018,26.0,4.0,25.333333333333332,0,8.2,2.4
4547,Roschon Johnson,2023,19.41176470588235,4.345679012345679,177.65,2,102.1,
4554,Roy Helu,2013,25.0,4.419354838709677,185.26190476190476,4,107.5,127.3
4555,Roy Helu,2014,22.75,5.4,426.25531914893617,3,127.3,26.4
4556,Royce Freeman,2018,19.25,4.007692307692308,50.4,5,101.3,142.2
4557,Royce Freeman,2019,23.0,3.757575757575758,220.16,4,142.2,37.1
4558,Royce Freeman,2020,24.0,4.857142857142857,74.76923076923077,0,37.1,34.6
4559,Royce Freeman,2021,22.058823529411764,3.017857142857143,48.125,0,34.6,19.0
4560,Royce Freeman,2022,6.117647058823529,2.8536585365853657,24.75,0,19.0,46.2
4561,Royce Freeman,2023,22.235294117647058,4.142857142857143,6.5,2,46.2,
4620,Ryan Mathews,2013,26.0,4.4035087719298245,148.9090909090909,7,210.4,66.9
4621,Ryan Mathews,2014,10.125,4.45945945945946,62.1,3,66.9,124.5
4622,Ryan Mathews,2015,22.75,5.084905660377358,104.28571428571429,7,124.5,144.6
4624,Ryan Nall,2019,12.0,4.0,0.0,0,0.8,20.7
4625,Ryan Nall,2020,25.0,0.0,59.55555555555556,1,20.7,1.8
4641,Ryquell Armstead,2019,23.0,3.085714285714286,84.0,2,51.2,12.6
4642,SaRodorick Thompson,2023,1.411764705882353,0.0,0.0,0,0.0,
4643,Salvon Ahmed,2020,8.25,4.253333333333333,47.92857142857143,3,69.0,38.6
4644,Salvon Ahmed,2021,16.235294117647058,2.759259259259259,73.89473684210526,0,38.6,14.2
4645,Salvon Ahmed,2022,16.941176470588236,5.333333333333333,8.0,1,14.2,42.9
4646,Salvon Ahmed,2023,11.764705882352942,2.772727272727273,61.21739130434783,2,42.9,
4663,Samaje Perine,2017,22.0,3.4457142857142857,166.83333333333334,2,108.5,6.7
4664,Samaje Perine,2018,7.1875,4.0,3.75,0,6.7,1.6
4665,Samaje Perine,2019,10.5,3.2,0.0,0,1.6,65.7
4666,Samaje Perine,2020,25.0,4.777777777777778,60.5,3,65.7,83.2
4667,Samaje Perine,2021,24.470588235294116,4.472727272727273,170.70967741935485,2,83.2,142.1
4668,Samaje Perine,2022,25.41176470588235,4.147368421052631,213.84313725490196,6,142.1,121.3
4669,Samaje Perine,2023,28.0,4.490566037735849,406.25,1,121.3,
4685,Saquon Barkley,2018,21.0,5.007662835249042,542.2396694214876,15,385.8,244.1
4686,Saquon Barkley,2019,17.875,4.622119815668203,312.0,8,244.1,15.4
4687,Saquon Barkley,2020,2.875,1.7894736842105263,40.0,0,15.4,148.6
4688,Saquon Barkley,2021,18.352941176470587,3.6604938271604937,189.17543859649123,4,148.6,284.0
4689,Saquon Barkley,2022,23.529411764705884,4.447457627118644,253.5,10,284.0,223.2
4690,Saquon Barkley,2023,21.41176470588235,3.8947368421052633,191.33333333333334,10,223.2,
4705,Scottie Phillips,2020,11.5,4.5,7.0,0,2.6,4.2
4721,Sean Tucker,2023,14.235294117647058,1.5333333333333334,9.0,0,5.2,
4722,Senorise Perry,2014,23.0,0.0,-1.0,0,0.9,4.3
4723,Senorise Perry,2017,26.0,3.75,3.0,0,4.3,0.0
4724,Senorise Perry,2018,27.0,0.0,0.0,0,0.0,1.4
4725,Senorise Perry,2019,19.25,1.0,1.0,0,1.4,0.9
4738,Shane Vereen,2013,12.0,4.7272727272727275,290.8550724637681,4,134.5,165.8
4739,Shane Vereen,2014,25.0,4.072916666666667,301.87012987012986,5,165.8,158.4
4740,Shane Vereen,2015,26.0,4.262295081967213,359.82716049382714,4,158.4,38.2
4741,Shane Vereen,2016,8.4375,4.787878787878788,54.421052631578945,1,38.2,83.7
4743,Shaun Draughn,2013,4.875,0.5,0.0,0,0.2,1.9
4744,Shaun Draughn,2014,16.875,1.9,0.0,0,1.9,77.9
4745,Shaun Draughn,2015,19.25,3.5,135.77142857142857,1,77.9,108.9
4752,Shonn Greene,2013,19.25,3.831168831168831,29.25,4,63.4,51.5
4759,Sony Michel,2018,18.6875,4.454545454545454,31.818181818181817,6,139.1,152.6
4760,Sony Michel,2019,24.0,3.6923076923076925,56.4,7,152.6,75.3
4761,Sony Michel,2020,14.0625,5.6835443037974684,88.66666666666667,2,75.3,146.3
4762,Sony Michel,2021,26.0,4.0625,81.45454545454545,5,146.3,24.9
4763,Spencer Brown,2021,5.411764705882353,0.0,0.0,0,0.0,7.3
4764,Spencer Ware,2013,2.75,3.3333333333333335,0.0,0,1.0,82.8
4765,Spencer Ware,2015,16.5,5.597222222222222,5.0,6,82.8,193.8
4766,Spencer Ware,2016,21.875,4.303738317757009,351.2142857142857,5,193.8,79.0
4767,Spencer Ware,2018,21.9375,4.823529411764706,194.7826086956522,2,79.0,12.3
4785,Stepfan Taylor,2013,22.0,3.1944444444444446,63.111111111111114,0,26.6,65.7
4786,Stepfan Taylor,2014,20.125,3.3015873015873014,57.93333333333333,4,65.7,7.2
4787,Stepfan Taylor,2015,24.0,3.411764705882353,1.3333333333333333,0,7.2,1.2
4810,Stevan Ridley,2013,21.0,4.342696629213483,51.666666666666664,7,127.5,52.0
4811,Stevan Ridley,2014,9.375,3.617021276595745,16.0,2,52.0,12.8
4812,Stevan Ridley,2015,13.0,2.5,-1.6,0,12.8,0.7
4813,Stevan Ridley,2016,1.6875,2.3333333333333335,0.0,0,0.7,16.8
4814,Stevan Ridley,2017,3.5,4.153846153846154,0.0,1,16.8,14.8
4818,Steven Jackson,2013,22.5,3.4585987261146496,128.6326530612245,7,148.4,141.5
4819,Steven Jackson,2014,29.0625,3.721052631578947,109.62962962962963,6,141.5,14.0
4847,T.J. Yeldon,2015,16.5,4.065934065934066,218.34782608695653,3,155.9,137.7
4848,T.J. Yeldon,2016,21.5625,3.576923076923077,229.41176470588235,2,137.7,87.7
4849,T.J. Yeldon,2017,15.0,5.163265306122449,163.90243902439025,2,87.7,173.1
4850,T.J. Yeldon,2018,21.875,3.980769230769231,343.3974358974359,5,173.1,29.7
4851,T.J. Yeldon,2019,9.75,3.7058823529411766,107.46666666666667,0,29.7,16.2
4861,Taiwan Jones,2013,25.0,4.6,36.666666666666664,0,7.8,0.0
4862,Taiwan Jones,2014,1.625,0.0,0.0,0,0.0,29.0
4863,Taiwan Jones,2015,20.25,4.625,82.44444444444444,1,29.0,7.5
4864,Taiwan Jones,2016,22.75,-8.0,43.0,0,7.5,2.1
4865,Taiwan Jones,2017,14.5,0.0,5.5,0,2.1,0.0
4866,Taiwan Jones,2018,11.25,0.0,0.0,0,0.0,5.9
4867,Taiwan Jones,2019,21.3125,4.444444444444445,9.0,0,5.9,0.0
4868,Taiwan Jones,2020,26.0,0.0,0.0,0,0.0,0.0
4869,Taiwan Jones,2021,33.0,0.0,0.0,0,0.0,-2.0
4874,Tank Bigsby,2023,22.0,2.64,1.5,2,22.8,
4886,Taquan Mizzell,2017,4.5,0.0,0.0,0,0.0,23.4
4887,Tarik Cohen,2017,22.0,4.252873563218391,263.50704225352115,4,150.1,233.9
4888,Tarik Cohen,2018,23.0,4.484848484848484,565.6593406593406,8,233.9,163.9
4889,Tarik Cohen,2019,24.0,3.328125,346.38461538461536,3,163.9,17.5
4892,Tauren Poole,2014,4.6875,0.0,0.0,0,-2.0,0.0
4893,Tauren Poole,2014,1.5625,0.0,0.0,0,0.0,0.0
4956,Terrance West,2014,20.125,3.935672514619883,54.15384615384615,5,112.7,25.2
4957,Terrance West,2015,12.0,3.725806451612903,16.8,0,25.2,171.0
4958,Terrance West,2016,25.0,4.010362694300518,178.3111111111111,6,171.0,28.1
4965,Terrell Watson,2016,1.4375,3.111111111111111,5.0,1,10.3,0.8
4970,Terrence Magee,2015,5.5,2.5,2.0,0,1.7,1.2
4971,Terrence Magee,2016,2.875,4.0,0.0,0,1.2,0.0
4972,Terron Ward,2015,18.6875,3.2758620689655173,50.53846153846154,1,31.8,17.2
4973,Terron Ward,2016,7.5,4.870967741935484,5.5,0,17.2,15.3
4979,Tevin Coleman,2015,16.5,4.505747126436781,2.5454545454545454,1,42.6,191.1
4980,Tevin Coleman,2016,18.6875,4.406779661016949,326.275,11,191.1,167.7
4981,Tevin Coleman,2017,22.5,4.0256410256410255,207.0,8,167.7,193.6
4982,Tevin Coleman,2018,25.0,4.790419161676646,200.72727272727272,9,193.6,135.4
4983,Tevin Coleman,2019,22.75,3.9708029197080292,126.0,7,135.4,12.7
4984,Tevin Coleman,2020,13.5,1.8928571428571428,27.2,0,12.7,51.5
4985,Tevin Coleman,2021,18.11764705882353,4.238095238095238,33.6875,0,51.5,22.0
4986,Theo Riddick,2013,19.25,2.7777777777777777,13.0,1,15.1,94.7
4987,Theo Riddick,2014,20.125,2.55,214.88,4,94.7,179.0
4988,Theo Riddick,2015,24.0,3.0930232558139537,563.2323232323232,3,179.0,161.8
4989,Theo Riddick,2016,15.625,3.880434782608696,293.4776119402985,6,161.8,154.0
4990,Theo Riddick,2017,26.0,3.4047619047619047,331.4366197183099,5,154.0,116.5
4991,Theo Riddick,2018,23.625,4.275,316.5405405405405,0,116.5,10.7
4992,Thomas Rawls,2015,17.875,5.64625850340136,62.18181818181818,5,127.6,75.5
4993,Thomas Rawls,2016,12.9375,3.2018348623853212,73.41176470588235,3,75.5,32.1
4994,Thomas Rawls,2017,18.0,2.706896551724138,65.07692307692308,0,32.1,0.0
5000,Tim Hightower,2015,14.5,3.90625,119.07692307692308,4,86.4,126.8
5008,Toby Gerhart,2013,22.75,7.861111111111111,60.21052631578947,2,60.1,81.2
5009,Toby Gerhart,2014,23.625,3.227722772277228,155.0,2,81.2,9.7
5010,Todd Gurley,2015,17.0625,4.829694323144105,151.84615384615384,10,208.4,198.2
5011,Todd Gurley,2016,22.0,3.183453237410072,242.43103448275863,6,198.2,383.3
5012,Todd Gurley,2017,21.5625,4.67741935483871,579.6781609195402,19,383.3,372.1
5013,Todd Gurley,2018,21.0,4.88671875,422.4691358024691,21,372.1,219.4
5014,Todd Gurley,2019,23.4375,3.8430493273542603,130.9591836734694,14,219.4,163.2
5028,Tommy Bohanon,2013,23.0,3.6470588235294117,47.4375,0,24.1,5.3
5029,Tommy Bohanon,2014,6.0,3.0,30.0,0,5.3,9.8
5030,Tommy Bohanon,2015,25.0,1.0,28.0,0,9.8,28.8
5042,Tony Brooks-James,2019,4.6875,0.875,0.0,0,0.7,0.4
5044,Tony Jones,2020,1.4375,4.333333333333333,0.0,0,1.3,22.1
5045,Tony Jones,2021,15.529411764705882,2.6296296296296298,18.125,0,22.1,10.4
5046,Tony Jones,2022,8.823529411764707,2.4,18.75,0,10.4,32.2
5047,Tony Jones,2023,10.705882352941176,3.6538461538461537,25.9,2,32.2,
5050,Tony Pollard,2019,20.625,5.290697674418604,80.25,3,89.2,120.8
5051,Tony Pollard,2020,23.0,4.306930693069307,135.1,5,120.8,162.6
5052,Tony Pollard,2021,21.176470588235293,5.530769230769231,285.7173913043478,3,162.6,248.8
5053,Tony Pollard,2022,23.529411764705884,5.217616580310881,263.07272727272726,12,248.8,222.6
5054,Tony Pollard,2023,26.0,3.988095238095238,255.29850746268656,6,222.6,
5065,Tra Carson,2018,9.75,0.0,0.0,0,0.0,10.6
5068,Travaris Cadet,2013,19.5,0.0,5.0,1,8.5,72.8
5069,Travaris Cadet,2014,23.4375,3.2,220.54901960784315,1,72.8,45.2
5070,Travaris Cadet,2015,11.375,2.5454545454545454,165.36363636363637,1,45.2,94.0
5071,Travaris Cadet,2016,25.3125,4.75,208.14814814814815,4,94.0,37.5
5072,Travaris Cadet,2017,15.75,4.173913043478261,100.21052631578948,0,37.5,3.2
5080,Travis Etienne,2022,23.0,5.113636363636363,245.77777777777777,5,205.1,282.4
5081,Travis Etienne,2023,24.0,3.7752808988764044,378.1917808219178,12,282.4,
5084,Travis Homer,2019,21.0,6.333333333333333,47.38461538461539,0,28.0,32.8
5085,Travis Homer,2020,12.375,3.52,81.0,1,32.8,61.8
5086,Travis Homer,2021,18.941176470588236,8.428571428571429,128.8,2,61.8,43.1
5087,Travis Homer,2022,14.117647058823529,3.8947368421052633,139.55555555555554,1,43.1,0.0
5088,Travis Homer,2023,23.529411764705884,0.0,0.0,0,0.0,
5101,Trayveon Williams,2019,15.125,0.0,0.0,0,0.0,21.7
5102,Trayveon Williams,2020,14.375,6.038461538461538,30.0,0,21.7,6.5
5103,Trayveon Williams,2021,7.0588235294117645,3.4,2.0,0,6.5,8.0
5104,Trayveon Williams,2022,11.764705882352942,5.0,20.0,0,8.0,14.9
5105,Trayveon Williams,2023,26.0,4.6,7.777777777777778,0,14.9,
5106,Tre Madden,2017,12.0,0.0,65.0,0,8.5,5.8
5107,Tre Mason,2014,15.75,4.273743016759776,91.07692307692308,5,135.3,51.5
5120,Trent Richardson,2013,23.0,2.99468085106383,212.69230769230768,4,144.9,117.8
5133,Trenton Cannon,2018,24.0,2.973684210526316,97.92,1,48.7,0.0
5134,Trenton Cannon,2019,6.25,0.0,0.0,0,0.0,7.9
5135,Trenton Cannon,2020,22.75,3.3,16.0,0,7.9,-1.6
5136,Trenton Cannon,2021,19.058823529411764,1.3333333333333333,0.0,0,-1.6,0.0
5166,Trey Edmunds,2017,23.0,5.333333333333333,0.0,1,10.8,0.0
5167,Trey Edmunds,2018,6.0,0.0,0.0,0,0.0,20.0
5168,Trey Edmunds,2019,17.1875,4.181818181818182,41.142857142857146,0,20.0,0.0
5169,Trey Edmunds,2020,6.5,0.0,0.0,0,0.0,0.0
5176,Trey Sermon,2021,11.647058823529411,4.073170731707317,19.5,1,28.3,1.9
5177,Trey Sermon,2022,2.7058823529411766,9.5,0.0,0,1.9,20.3
5178,Trey Sermon,2023,19.764705882352942,4.571428571428571,6.5,0,20.3,
5179,Trey Watts,2014,20.125,4.285714285714286,13.5,0,7.8,0.0
5189,Troymaine Pope,2016,5.75,3.6666666666666665,2.5,0,5.9,9.4
5190,Troymaine Pope,2019,22.75,2.0,9.333333333333334,1,9.4,19.8
5200,Ty Chandler,2022,4.235294117647059,3.3333333333333335,0.0,0,2.0,101.0
5201,Ty Chandler,2023,25.0,4.519607843137255,133.56,3,101.0,
5202,Ty Johnson,2019,22.0,4.333333333333333,84.38709677419355,0,60.2,63.3
5203,Ty Johnson,2020,18.6875,4.703703703703703,75.42857142857143,2,63.3,117.0
5204,Ty Johnson,2021,22.58823529411765,3.901639344262295,229.96363636363637,4,117.0,42.8
5205,Ty Johnson,2022,25.0,5.333333333333333,44.0,1,42.8,32.4
5206,Ty Johnson,2023,15.294117647058824,4.4,62.0,1,32.4,
5207,Ty Montgomery,2015,8.25,4.666666666666667,107.36842105263158,2,42.0,140.5
5208,Ty Montgomery,2016,21.5625,5.935064935064935,273.42857142857144,3,140.5,91.6
5209,Ty Montgomery,2017,12.0,3.8450704225352115,128.3548387096774,4,91.6,71.3
5216,Ty'Son Williams,2021,19.11764705882353,5.285714285714286,63.0,1,41.9,1.5
5217,Tyjae Spears,2023,22.0,4.53,286.0,3,153.8,
5221,Tyler Allgeier,2022,20.705882352941178,4.928571428571429,130.8235294117647,4,159.4,137.6
5222,Tyler Allgeier,2023,23.0,3.672043010752688,151.04347826086956,5,137.6,
5232,Tyler Clutts,2013,14.5,0.0,2.0,0,-0.6,1.1
5233,Tyler Clutts,2014,30.0,0.0,1.0,0,1.1,1.4
5249,Tyler Ervin,2016,17.25,3.0,10.8,0,1.1,13.0
5250,Tyler Ervin,2017,6.0,3.0,27.636363636363637,0,13.0,6.5
5251,Tyler Ervin,2018,14.0625,0.0,35.0,0,6.5,4.1
5252,Tyler Ervin,2019,16.25,10.0,5.5,0,4.1,26.1
5253,Tyler Goodson,2023,8.117647058823529,6.6923076923076925,22.666666666666668,0,18.1,
5310,Tyrion Davis-Price,2022,7.764705882352941,2.911764705882353,0.0,0,9.9,2.1
5311,Tyrion Davis-Price,2023,1.3529411764705883,3.5,0.0,0,2.1,
5371,Wayne Gallman,2017,18.6875,4.288288288288288,136.70833333333334,1,104.9,44.5
5372,Wayne Gallman,2018,22.5,3.450980392156863,56.63636363636363,1,44.5,48.2
5373,Wayne Gallman,2019,15.625,3.793103448275862,74.8,3,48.2,136.6
5374,Wayne Gallman,2020,24.375,4.639455782312925,88.66666666666667,6,136.6,13.5
5375,Wendell Smallwood,2016,17.875,4.0519480519480515,25.384615384615383,2,52.7,46.7
5376,Wendell Smallwood,2017,11.5,3.702127659574468,74.38888888888889,1,46.7,117.4
5377,Wendell Smallwood,2018,24.0,4.183908045977011,184.0,5,117.4,23.5
5378,Wendell Smallwood,2019,23.4375,3.6818181818181817,44.30769230769231,0,23.5,0.0
5379,Wendell Smallwood,2020,1.625,0.0,0.0,0,0.0,8.7
5394,Will Johnson,2013,22.5,0.0,29.818181818181817,1,18.1,10.1
5395,Will Johnson,2014,25.0,0.0,27.333333333333332,0,10.1,12.3
5398,Will Ta'ufo'ou,2013,27.0,1.0,26.666666666666668,0,14.1,15.1
5418,Xazavian Valladay,2023,1.4705882352941178,0.0,0.0,0,0.0,
5419,Zac Stacy,2013,19.25,3.892,104.74285714285715,8,183.4,64.5
5420,Zac Stacy,2014,18.6875,3.8552631578947367,118.95652173913044,1,64.5,30.4
5421,Zach Charbonnet,2023,20.705882352941178,4.277777777777778,172.425,1,106.1,
5433,Zach Evans,2023,12.941176470588236,2.111111111111111,0.0,0,1.9,
5439,Zach Line,2013,4.3125,0.0,2.6666666666666665,0,1.8,0.0
5440,Zach Line,2014,1.5,0.0,0.0,0,0.0,34.5
5441,Zach Line,2015,25.0,1.6666666666666667,63.333333333333336,3,34.5,1.5
5442,Zach Line,2016,24.375,2.142857142857143,0.0,0,1.5,11.6
5443,Zach Line,2017,20.25,4.0,3.2,1,11.6,22.5
5444,Zach Line,2018,28.0,4.555555555555555,7.0,2,22.5,11.6
5460,Zach Zenner,2015,9.0,3.5294117647058822,7.333333333333333,0,9.1,93.0
5461,Zach Zenner,2016,21.875,3.7954545454545454,153.3913043478261,4,93.0,8.6
5462,Zach Zenner,2017,13.0,1.8571428571428572,0.0,1,8.6,57.1
5463,Zach Zenner,2018,13.5,4.818181818181818,39.2,3,57.1,3.7
5465,Zack Moss,2020,18.6875,4.294642857142857,73.88888888888889,5,101.6,105.2
5466,Zack Moss,2021,18.352941176470587,3.59375,141.59375,5,105.2,64.5
5467,Zack Moss,2022,19.11764705882353,4.903225806451613,33.0,1,64.5,169.6
5468,Zack Moss,2023,21.41176470588235,4.33879781420765,140.1081081081081,7,169.6,
5469,Zamir White,2022,18.941176470588236,4.117647058823529,0.0,0,7.0,73.9
5470,Zamir White,2023,24.0,4.336538461538462,77.36842105263158,1,73.9,
5479,Zonovan Knight,2022,8.647058823529411,3.5294117647058822,92.85714285714286,1,59.0,3.1
5480,Zonovan Knight,2023,2.588235294117647,4.333333333333333,8.0,0,3.1,
5481,Zurlon Tipton,2014,9.0,1.8,68.0,1,20.6,12.7
